,Date,Source,Name,Inc-type,Location,Fuels,Acres,Lat_lon,geometry
0,01/20/2021 15:12,http://www.wildcad.net/WCALAICopen.htm,BK West Fork,Wildfire,FS RD 244 near intersection with FS RD 244B,,10,"34 19.344, -87 19.530",POINT (-87.32550000000001 34.3224)
0,01/18/2021 15:51,http://www.wildcad.net/WCALAICopen.htm,BK County Road 90,Wildfire,Pinhook Gap,,4,"34 23.034, -87 15.834",POINT (-87.26390000000001 34.3839)
0,01/18/2021 15:39,http://www.wildcad.net/WCALAICopen.htm,BK Bunyan Hill,Wildfire,Borden Trail Head,,195,"34 18.882, -87 22.044",POINT (-87.3674 34.3147)
0,09/20/2019 11:11,http://www.wildcad.net/WCALAICopen.htm,TL Hernandez Peak,Wildfire,.,,23,"33 27.732, -85 48.456",POINT (-85.80759999999999 33.4622)
0,01/20/2021 12:55,http://www.wildcad.net/WCAR-AOCopen.htm,LIL,Wildfire,"County: Adair, District: OKCNA,  Tribal Area: Cherokee, Fire District: ",FM3,0.1,"35 42.948, -94 34.626",POINT (-94.5771 35.7158)
0,01/20/2021 11:00,http://www.wildcad.net/WCAR-AOCopen.htm,TREASURE VALLEY,Wildfire," County: Garvin, District: OKCHA, Tribal Area: Chickasaw, Fire District",FM1,2,"34 37.086, -97 19.248",POINT (-97.32080000000001 34.6181)
0,01/20/2021 11:00,http://www.wildcad.net/WCAR-AOCopen.htm,DAVID,Wildfire,"4 miles NW of Saasakwa, OK",FM3,2.5,"34 59.076, -96 35.976",POINT (-96.5996 34.9846)
0,01/20/2021 10:15,http://www.wildcad.net/WCAR-AOCopen.htm,LOGS,Wildfire,"1 mile E of Bell, OK",FM1,0.8,"35 43.566, -94 33.648",POINT (-94.5608 35.7261)
0,01/19/2021 17:00,http://www.wildcad.net/WCAR-AOCopen.htm,Post Oak,Wildfire,"County: Adair, District: OKOZPR",FM 9,2.5,"35 44.220, -94 31.242",POINT (-94.52070000000001 35.737)
0,01/19/2021 16:30,http://www.wildcad.net/WCAR-AOCopen.htm,CEDAR,Wildfire,"County: Seminole, District: OKWEA, Tribal Area: Seminole, Fire District:",FM1 FM3 FM5 FM2,27,"34 56.712, -96 30.576",POINT (-96.50960000000001 34.9452)
0,01/19/2021 16:00,http://www.wildcad.net/WCAR-AOCopen.htm,JESSE,Wildfire,"County: Pontotoc, District: OKCHA","FM 1, 2",49.1,"34 41.796, -96 43.296",POINT (-96.7216 34.6966)
0,01/19/2021 14:20,http://www.wildcad.net/WCAR-AOCopen.htm,COWHEAD,Wildfire,"County: Sequoyah, District: OKCN","FM 9, 10",98,"35 34.746, -94 53.028",POINT (-94.88379999999999 35.5791)
0,01/19/2021 13:10,http://www.wildcad.net/WCAR-AOCopen.htm,HILL,Wildfire,".25 miles E of Bell, OK",FM9,0.27,"35 43.494, -94 34.062",POINT (-94.5677 35.7249)
0,01/19/2021 11:08,http://www.wildcad.net/WCAR-AOCopen.htm,Rock 2,Wildfire,"County: Yell, District: JWF,",FM9,0.11,"34 45.564, -93 23.766",POINT (-93.3961 34.7594)
0,01/19/2021 08:17,http://www.wildcad.net/WCAR-AOCopen.htm,SANDSTONE,Wildfire,"County: Okfuskee, District: OKOMA","FM 3, 9",92,"35 20.562, -96 6.978",POINT (-96.1163 35.3427)
0,01/18/2021 17:30,http://www.wildcad.net/WCAR-AOCopen.htm,CAIN,Wildfire,"County: Adair, District: OKCNA,  Tribal Area: Cherokee, Fire District: ",FM9,22.49,"35 49.584, -94 45.756",POINT (-94.76260000000001 35.8264)
0,01/18/2021 16:15,http://www.wildcad.net/WCAR-AOCopen.htm,FOOD,Wildfire,".50 miles NW of Cherry Tree, OK",FM1,0.1,"35 45.366, -94 38.880",POINT (-94.648 35.7561)
0,01/18/2021 14:40,http://www.wildcad.net/WCAR-AOCopen.htm,GREENHOUSE,Wildfire,"1 mile E of Okemah, OK",FM 3,17,"35 26.982, -96 16.962",POINT (-96.28270000000001 35.4497)
0,01/18/2021 13:45,http://www.wildcad.net/WCAR-AOCopen.htm,PORTA,Wildfire,"8 miles N of Kansas, OK",FM 9,1.7,"36 19.332, -94 47.610",POINT (-94.79349999999999 36.3222)
0,01/18/2021 12:45,http://www.wildcad.net/WCAR-AOCopen.htm,WEOGUFKEE 2,Wildfire,"3 miles W of Hanna, OK",FM 3,0.1,"35 11.928, -95 57.882",POINT (-95.96469999999999 35.1988)
0,01/18/2021 12:45,http://www.wildcad.net/WCAR-AOCopen.htm,BOBCAT,Wildfire,"3.3 miles NW of Wetumka, OK",FM 3,7.6,"35 16.962, -96 16.260",POINT (-96.271 35.2827)
0,01/18/2021 12:44,http://www.wildcad.net/WCAR-AOCopen.htm,WEOGUFKEE 1,Wildfire,"3 mmiles W of Hanna, OK",FM3,0.1,"35 11.916, -95 57.864",POINT (-95.9644 35.1986)
0,01/18/2021 11:15,http://www.wildcad.net/WCAR-AOCopen.htm,SILO,Wildfire,"3.8 miles N of Okemah, OK",FM,2.5,"35 29.580, -96 17.982",POINT (-96.2997 35.493)
0,01/18/2021 10:50,http://www.wildcad.net/WCAR-AOCopen.htm,SEVENSTAR CLAN,Wildfire,.,FM9,8.76,"35 22.230, -94 36.294",POINT (-94.6049 35.3705)
0,01/17/2021 17:30,http://www.wildcad.net/WCAR-AOCopen.htm,LUCKY 1,Wildfire,"1.5 miles East of Bell, OK",FM 3,1,"35 43.950, -94 32.832",POINT (-94.5472 35.7325)
0,01/17/2021 16:55,http://www.wildcad.net/WCAR-AOCopen.htm,SWAKE 300,Wildfire,".5 miles from Bell, OK",FM 3,0.1,"35 43.284, -94 34.080",POINT (-94.568 35.7214)
0,01/17/2021 16:50,http://www.wildcad.net/WCAR-AOCopen.htm,REKINDLE,Wildfire,"4.5 miles SE of Seminole, OK",FM3,1.6,"35 10.248, -96 37.350",POINT (-96.6225 35.1708)
0,01/17/2021 15:30,http://www.wildcad.net/WCAR-AOCopen.htm,OLD SCHOOL,Wildfire,"Old Prue, OK",FM13,12,"36 14.316, -96 18.780",POINT (-96.313 36.2386)
0,01/17/2021 14:50,http://www.wildcad.net/WCAR-AOCopen.htm,LINEMAN,Wildfire,"County: Osage, District: OKOSA, Tribal Area: Osage, Fire District:",FM3,12,"36 36.804, -96 27.276",POINT (-96.4546 36.6134)
0,01/17/2021 14:30,http://www.wildcad.net/WCAR-AOCopen.htm,Z-71,Wildfire,"3.8 miles NE of Weeletka, OK",FM3,3.2,"35 22.962, -96 5.232",POINT (-96.0872 35.3827)
0,01/17/2021 13:55,http://www.wildcad.net/WCAR-AOCopen.htm,LITTLE,Wildfire,South of Birch Lake on CR 2230,FM3,12,"36 29.634, -96 8.496",POINT (-96.1416 36.4939)
0,01/17/2021 12:20,http://www.wildcad.net/WCAR-AOCopen.htm,Rock,Wildfire,"County: Yell, District: JWF,",FM 9,22,"34 45.510, -93 24.192",POINT (-93.4032 34.7585)
0,01/17/2021 12:15,http://www.wildcad.net/WCAR-AOCopen.htm,SLAB,Wildfire,".75 miles N of Bell, OK",FM3,0.1,"35 43.980, -94 34.746",POINT (-94.5791 35.733)
0,01/16/2021 14:00,http://www.wildcad.net/WCAR-AOCopen.htm,REAGAN CORNER,Wildfire,"Reagan, OK",FM1,1.2,"34 31.116, -96 50.430",POINT (-96.84050000000001 34.5186)
0,01/16/2021 13:45,http://www.wildcad.net/WCAR-AOCopen.htm,JUSTICE,Wildfire,"10 miles SE of Seminole, OK",FM3,1.4,"35 6.930, -96 34.272",POINT (-96.5712 35.1155)
0,01/16/2021 11:55,http://www.wildcad.net/WCAR-AOCopen.htm,COW DOG,Wildfire,"6 miles SW of Dustin, OK",FM1,0.5,"35 10.680, -96 4.164",POINT (-96.0694 35.178)
0,01/16/2021 11:15,http://www.wildcad.net/WCAR-AOCopen.htm,BIG POND,Wildfire,"8 miles NW of Seminloe, OK",FM3,75,"35 17.850, -96 46.266",POINT (-96.7711 35.2975)
0,01/16/2021 10:30,http://www.wildcad.net/WCAR-AOCopen.htm,BLACKBEAR 200,Wildfire,"3 miles NE of Kenwood, OK",FM3,0.1,"36 19.800, -94 56.394",POINT (-94.93989999999999 36.33)
0,01/16/2021 08:00,http://www.wildcad.net/WCAR-AOCopen.htm,OLD SMOKE SHOP,Wildfire,"5 miles SE of Braggs, OK",FM9,57.2,"35 35.994, -95 9.306",POINT (-95.1551 35.5999)
0,01/15/2021 15:00,http://www.wildcad.net/WCAR-AOCopen.htm,CABOOSE,Wildfire,"4 miles SW of Dustin, OK",BIA,0.1,"35 12.144, -95 59.148",POINT (-95.9858 35.2024)
0,01/15/2021 14:15,http://www.wildcad.net/WCAR-AOCopen.htm,SQUARE TOE,Wildfire,"4 miles E of Hanna, OK",FM3,0.1,"35 12.210, -95 48.246",POINT (-95.80410000000001 35.2035)
0,01/15/2021 14:00,http://www.wildcad.net/WCAR-AOCopen.htm,SPORTSMAN,Wildfire,"1 miles NW of Lima, OK",FM3,21,"35 10.950, -96 34.716",POINT (-96.57859999999999 35.1825)
0,01/15/2021 13:45,http://www.wildcad.net/WCAR-AOCopen.htm,BIG BOY,Wildfire,"4 miles N of Twin Oaks, OK",FM9,144.7,"36 16.248, -94 51.966",POINT (-94.8661 36.2708)
0,01/15/2021 12:30,http://www.wildcad.net/WCAR-AOCopen.htm,NOBODY,Wildfire,"4.5 miles NE of Wettumka, OK",FM2,0.61,"35 18.228, -96 12.762",POINT (-96.2127 35.3038)
0,01/15/2021 12:30,http://www.wildcad.net/WCAR-AOCopen.htm,OLD TREE,Wildfire,"County: Seminole, District: OKWEA, Tribal Area: Seminole, Fire District: ",FM9 FM3,0.1,"34 58.266, -96 36.930",POINT (-96.6155 34.9711)
0,01/15/2021 10:30,http://www.wildcad.net/WCAR-AOCopen.htm,GATE,Wildfire,".15 miles E of Bell, OK",FM3,0.8,"35 43.260, -94 34.194",POINT (-94.5699 35.721)
0,01/14/2021 18:30,http://www.wildcad.net/WCAR-AOCopen.htm,LUDLOW,Wildfire,"County: Le Flore, District: OKTLA, Tribal Area: Choctaw, Fire District:",FM2 FM10,46,"34 32.568, -94 50.382",POINT (-94.83969999999999 34.5428)
0,01/14/2021 17:30,http://www.wildcad.net/WCAR-AOCopen.htm,STABLES,Wildfire,"County: Ottawa, District: OKMIA",FM 1,0.1,"36 52.104, -94 52.092",POINT (-94.8682 36.8684)
0,01/14/2021 14:13,http://www.wildcad.net/WCAR-AOCopen.htm,ENERGIZER,Wildfire,"County: Okfuskee, District: OKOMA  Tribal Area: Creek, Fire District: ",FM3 ,232,"35 36.570, -96 29.808",POINT (-96.49679999999999 35.6095)
0,01/14/2021 14:00,http://www.wildcad.net/WCAR-AOCopen.htm,BARTLEY,Wildfire,"County: Delaware, District: OKMIA",FM 1,0.6,"36 39.984, -94 42.264",POINT (-94.70440000000001 36.6664)
0,01/14/2021 11:34,http://www.wildcad.net/WCAR-AOCopen.htm,TAYLOR,Wildfire,"County: Johnston, District: OKCHA,  Tribal Area: Chickasaw, Fire District: ",FM3,20,"34 22.332, -96 27.450",POINT (-96.4575 34.3722)
0,01/14/2021 11:32,http://www.wildcad.net/WCAR-AOCopen.htm,Big Cedar RV Park,Wildfire,"Big Cedar RV Park, OK",FM1,4,"34 38.832, -94 39.348",POINT (-94.6558 34.6472)
0,01/14/2021 11:00,http://www.wildcad.net/WCAR-AOCopen.htm,WEST C,Wildfire,"County: Ottawa, District: OKMIA","FM 2, 5",2.8,"36 59.340, -94 50.136",POINT (-94.8356 36.989)
0,01/13/2021 17:20,http://www.wildcad.net/WCAR-AOCopen.htm,MOSS,Wildfire,"Southern Area, Osage nation, OK",FM1,0.1,"36 24.132, -96 22.014",POINT (-96.3669 36.4022)
0,01/13/2021 17:00,http://www.wildcad.net/WCAR-AOCopen.htm,CROSS TIMBER,Wildfire,"County: Love, District: OKCHA,Tribal Area: Chickasaw, Fire District: ",FM1,6.51,"33 58.884, -97 23.214",POINT (-97.3869 33.9814)
0,01/13/2021 15:00,http://www.wildcad.net/WCAR-AOCopen.htm,PACO,Wildfire,"County: Hughes, District: OKOMA","FM 1, 2, 3, 5",8,"35 11.274, -96 22.476",POINT (-96.3746 35.1879)
0,01/13/2021 14:30,http://www.wildcad.net/WCAR-AOCopen.htm,HANEY,Wildfire,"2 1/2 miles from little community, OK",FM1,0.2,"35 21.696, -96 36.528",POINT (-96.6088 35.3616)
0,01/12/2021 16:28,http://www.wildcad.net/WCAR-AOCopen.htm,MAC 1,Wildfire,"County: Osage, District: OKOSA",FM 3,0.2,"36 22.998, -96 23.826",POINT (-96.39709999999999 36.3833)
0,01/12/2021 16:28,http://www.wildcad.net/WCAR-AOCopen.htm,MAC 2,Wildfire,"County: Osage, District: OKOSA",FM 3,0.2,"36 22.998, -96 23.664",POINT (-96.3944 36.3833)
0,01/12/2021 16:28,http://www.wildcad.net/WCAR-AOCopen.htm,MAC 3,Wildfire,"County: Osage, District: OKOSA",FM 3,0.2,"36 23.346, -96 23.364",POINT (-96.38939999999999 36.3891)
0,01/12/2021 16:28,http://www.wildcad.net/WCAR-AOCopen.htm,MAC 4,Wildfire,"County: Osage, District: OKOSA",Fm 3,0.2,"36 23.394, -96 23.364",POINT (-96.38939999999999 36.3899)
0,01/12/2021 12:48,http://www.wildcad.net/WCAR-AOCopen.htm,BURRIS,Wildfire,"County: Osage, District: OKOSA, Tribal Area: Osage, Fire District:",FM1 FM3,0.1,"36 31.560, -96 43.152",POINT (-96.7192 36.526)
0,01/05/2021 15:45,http://www.wildcad.net/WCAR-AOCopen.htm,WELLS,Wildfire,"County: Osage, District: OKOSA, Tribal Area: Osage ",1,2.8,"36 24.444, -96 24.426",POINT (-96.4071 36.4074)
0,01/05/2021 15:30,http://www.wildcad.net/WCAR-AOCopen.htm,JUNO,Wildfire,"County: Seminole, District: OKWEA",1,0.1,"34 59.748, -96 40.506",POINT (-96.6751 34.9958)
0,01/05/2021 15:00,http://www.wildcad.net/WCAR-AOCopen.htm,LONI,Wildfire,"County: Seminole, District: OKWEA",1,5.6,"35 19.470, -96 38.130",POINT (-96.63549999999999 35.3245)
0,01/04/2021 16:20,http://www.wildcad.net/WCAR-AOCopen.htm,CRINNERVILLE,Wildfire,.,1,206,"34 5.796, -97 12.774",POINT (-97.2129 34.0966)
0,01/04/2021 15:30,http://www.wildcad.net/WCAR-AOCopen.htm,LOUSANA,Wildfire,"County: Seminole, District: OKWEA",1  2  3  5,33.5,"34 59.298, -96 40.692",POINT (-96.6782 34.9883)
0,12/29/2020 20:20,http://www.wildcad.net/WCAR-AOCopen.htm,Sycamore Tower,Wildfire,"County: Le Flore, District: OK, Tribal Area: Choctaw","FM 1,3, 9",3,"34 46.464, -94 53.808",POINT (-94.8968 34.7744)
0,12/27/2020 13:54,http://www.wildcad.net/WCAR-AOCopen.htm,Car Wash,Wildfire,"County: Montgomery, District: CW, Wilderness: Fire District: Joplin",FM 9,45,"34 33.498, -93 27.030",POINT (-93.45050000000001 34.5583)
0,12/25/2020 12:12,http://www.wildcad.net/WCAR-AOCopen.htm,Cow Creek,Wildfire,"County: Le Flore, District: OK",FM 9,100,"34 31.734, -94 31.074",POINT (-94.5179 34.5289)
0,12/24/2020 19:39,http://www.wildcad.net/WCAR-AOCopen.htm,Xmas Eve 2,Wildfire,"County: Le Flore, District: OK",FM 2,15,"34 31.146, -94 31.164",POINT (-94.5194 34.5191)
0,12/24/2020 16:46,http://www.wildcad.net/WCAR-AOCopen.htm,Xmas Eve 1,Wildfire,"County: Le Flore, District: OK",FM 9,38,"34 31.800, -94 32.784",POINT (-94.54640000000001 34.53)
0,11/20/2020 14:20,http://www.wildcad.net/WCAR-AOCopen.htm,Cedar Creek,Wildfire,"County: Johnson, District: PH",.,36,"35 39.834, -93 20.682",POINT (-93.3447 35.6639)
0,11/08/2020 18:00,http://www.wildcad.net/WCAR-AOCopen.htm,DEER FARM,Wildfire,"County: Hughes, District: OKOMA,Tribal Area: Creek","FM 9, 3",78,"35 13.320, -96 6.690",POINT (-96.11150000000001 35.222)
0,11/03/2020 16:34,http://www.wildcad.net/WCAR-AOCopen.htm,PIG PIT,Wildfire,"County: Okmulgee, District: OKOMA",1  3  5,35,"35 48.960, -95 49.848",POINT (-95.8308 35.816)
0,08/07/2020 07:41,http://www.wildcad.net/WCAR-AOCopen.htm,Slate Falls,Wildfire,"County: Sebastian, District: PCS",FM 9,0.1,"34 59.652, -94 15.918",POINT (-94.2653 34.9942)
0,01/17/2021 15:37,http://www.wildcad.net/WCAZ-ADCopen.htm,THOMPSON,Wildfire,Kohls Ranch,,0.25,"34.3124, -111.1140",POINT (-111.114 34.3124)
0,01/12/2021 12:58,http://www.wildcad.net/WCAZ-ADCopen.htm,JOHNSON,Wildfire,"I-10 mm 324 S, 16 W of Willcox",,1.52,"32.0956, -110.0337",POINT (-110.0337 32.0956)
0,01/12/2021 09:00,http://www.wildcad.net/WCAZ-ADCopen.htm,HAY,Wildfire,WILLCOX,,0.25,"32.3554, -109.7052",POINT (-109.7052 32.3554)
0,01/08/2021 13:01,http://www.wildcad.net/WCAZ-ADCopen.htm, BAKER,Wildfire,MILES ROAD AND BAKER ROAD KANAS SETTLEMENT,,19.9,"32.0506, -109.6607",POINT (-109.6607 32.0506)
0,11/03/2020 14:49,http://www.wildcad.net/WCAZ-ADCopen.htm,MERIDIAN ,Wildfire,NORTH OF KEARNY,,1.8,"33.1206, -110.9747",POINT (-110.9747 33.1206)
0,10/21/2020 13:23,http://www.wildcad.net/WCAZ-ADCopen.htm,AVERY,Wildfire,Ben Avery,,30,"33.8112, -112.1522",POINT (-112.1522 33.8112)
0,10/16/2020 13:01,http://www.wildcad.net/WCAZ-ADCopen.htm,MITTRY,Wildfire,MITTRY LAKE COUNTY 2ND ST ,,1,"32.7995, -114.5137",POINT (-114.5137 32.7995)
0,10/07/2020 06:58,http://www.wildcad.net/WCAZ-ADCopen.htm,BLAKE,Wildfire,I-40 MM 67,,0.5,"35.1741, -113.7840",POINT (-113.784 35.1741)
0,09/08/2020 16:35,http://www.wildcad.net/WCAZ-ADCopen.htm,COMBER ,Wildfire,COMBER BLVD ,,20,"33.6165, -114.5201",POINT (-114.5201 33.6165)
0,01/14/2021 11:43,http://www.wildcad.net/WCAZ-FDCopen.htm,Non-Stat A/C #1,Wildfire,N34 52.053 X W111 54.257,,0.1,"34 52.050, -111 54.252",POINT (-111.9042 34.8675)
0,01/20/2021 15:46,http://www.wildcad.net/WCAZ-PDCopen.htm,Sacramento,Wildfire,I-40 mm: 8,,0.1,"34 43.752, -114 19.998",POINT (-114.3333 34.7292)
0,01/17/2021 14:39,http://www.wildcad.net/WCAZ-PDCopen.htm,Sour,Wildfire,Hwy 169 MM 11,,1200,"34 31.962, -112 3.708",POINT (-112.0618 34.5327)
0,01/16/2021 14:39,http://www.wildcad.net/WCAZ-PDCopen.htm,Abandoned Campfire,Wildfire,White Spar Campground,,.,"34 30.660, -112 28.530",POINT (-112.4755 34.511)
0,01/15/2021 12:34,http://www.wildcad.net/WCAZ-PDCopen.htm,Bignotti ,Wildfire,Black Canyon Shooting Range / Hwy. 260,,0.1,"34 40.806, -111 58.224",POINT (-111.9704 34.6801)
0,01/14/2021 15:17,http://www.wildcad.net/WCAZ-PDCopen.htm,Beth FA,Wildfire,Beth Road Area,,.,"34 28.260, -112 25.842",POINT (-112.4307 34.471)
0,01/14/2021 12:40,http://www.wildcad.net/WCAZ-PDCopen.htm,Abandoned Campfire,Wildfire,Whitespar Campground # 29,,.,"34 31.380, -112 29.424",POINT (-112.4904 34.523)
0,01/10/2021 13:15,http://www.wildcad.net/WCAZ-PDCopen.htm,Cactus,Wildfire,La Posa South,,0.1,"33 35.838, -114 12.504",POINT (-114.2084 33.5973)
0,01/09/2021 16:38,http://www.wildcad.net/WCAZ-PDCopen.htm,Goat,Wildfire,FR 360,,27.85,"34 37.548, -112 1.938",POINT (-112.0323 34.6258)
0,01/09/2021 10:55,http://www.wildcad.net/WCAZ-PDCopen.htm,Cordes,Wildfire,I-17 mm 263,,0.2,"34 18.216, -112 7.680",POINT (-112.128 34.3036)
0,01/08/2021 10:34,http://www.wildcad.net/WCAZ-PDCopen.htm,La Posa North,Wildfire,La Posa North,,0.1,"33 39.438, -114 12.372",POINT (-114.2062 33.6573)
0,01/08/2021 09:00,http://www.wildcad.net/WCAZ-PDCopen.htm,Sierra FA,Wildfire,Thumb Butte/Copper Basin,,.,"34 30.222, -112 33.132",POINT (-112.5522 34.5037)
0,01/06/2021 16:17,http://www.wildcad.net/WCAZ-PDCopen.htm,Stone FA,Wildfire,South of Stone Ridge,,.,"34 29.544, -112 20.430",POINT (-112.3405 34.4924)
0,01/03/2021 13:45,http://www.wildcad.net/WCAZ-PDCopen.htm,Lake FA,Wildfire,Cow Creek Road,,0.1,"33 56.274, -112 18.822",POINT (-112.3137 33.9379)
0,01/17/2021 18:28,http://www.wildcad.net/WCAZ-PHCopen.htm,Olburg ,Wildfire,Olburg Bridge ,,0.1,"33 5.436, -111 41.202",POINT (-111.6867 33.0906)
0,01/16/2021 16:20,http://www.wildcad.net/WCAZ-PHCopen.htm,Chin ,Wildfire,Chin X Burridge Road ,,0.1,"33 2.118, -111 31.422",POINT (-111.5237 33.0353)
0,01/16/2021 13:09,http://www.wildcad.net/WCAZ-PHCopen.htm,Gopher ,Wildfire,10343 W Fossil Creek Rd- Strawberry ,,1.7,"34 24.024, -111 32.286",POINT (-111.5381 34.4004)
0,01/16/2021 11:28,http://www.wildcad.net/WCAZ-PHCopen.htm,Glen ,Wildfire,1360 x 1190 - at the junction ,,1.58,"34 23.460, -111 16.440",POINT (-111.274 34.391)
0,01/15/2021 13:44,http://www.wildcad.net/WCAZ-PHCopen.htm,Cow,Wildfire,.,,3,"33 18.228, -110 27.132",POINT (-110.4522 33.3038)
0,01/15/2021 13:31,http://www.wildcad.net/WCAZ-PHCopen.htm,Pipe,Wildfire,Hewitt Station Rd,,16.9,"33 17.244, -111 15.654",POINT (-111.2609 33.2874)
0,01/15/2021 13:07,http://www.wildcad.net/WCAZ-PHCopen.htm,Two Tanks,Wildfire,Peridot [GIO/SCA] ,,0.1,"33 20.832, -110 27.450",POINT (-110.4575 33.3472)
0,01/14/2021 22:19,http://www.wildcad.net/WCAZ-PHCopen.htm,Tanner,Wildfire,D4,,0.1,"33 9.516, -111 50.268",POINT (-111.8378 33.1586)
0,01/14/2021 21:19,http://www.wildcad.net/WCAZ-PHCopen.htm,Riggs,Wildfire,I-10 and mm175,,0.1,"33 7.860, -111 51.150",POINT (-111.8525 33.131)
0,01/13/2021 13:34,http://www.wildcad.net/WCAZ-PHCopen.htm,Lake,Wildfire,Jurasic Park (GIO/SCA),,88,"33 22.428, -110 26.178",POINT (-110.4363 33.3738)
0,01/07/2021 15:37,http://www.wildcad.net/WCAZ-PHCopen.htm,Detention,Wildfire,.,,1,"33 21.114, -110 28.794",POINT (-110.4799 33.3519)
0,01/06/2021 19:29,http://www.wildcad.net/WCAZ-PHCopen.htm,Reed,Wildfire,White Mountian Avenue (GIO/SCA),,0.1,"33 21.444, -110 26.994",POINT (-110.4499 33.3574)
0,01/06/2021 10:57,http://www.wildcad.net/WCAZ-PHCopen.htm,Comet,Wildfire,FS 357 Road,,5.25,"33 17.304, -111 15.642",POINT (-111.2607 33.2884)
0,01/05/2021 13:07,http://www.wildcad.net/WCAZ-PHCopen.htm,Alley,Wildfire,7 Mile Mesa (GIO/SCA),,0.2,"33 21.498, -110 27.036",POINT (-110.4506 33.3583)
0,01/03/2021 20:59,http://www.wildcad.net/WCAZ-PHCopen.htm,Air,Wildfire,NE of Hwy 70 Bridge,,0.5,"33 17.766, -110 26.964",POINT (-110.4494 33.2961)
0,01/12/2021 14:55,http://www.wildcad.net/WCAZ-SDCopen.htm,7 Mile Store,Wildfire,7 mile store,grass,0.1,"33 47.244, -109 57.588",POINT (-109.9598 33.7874)
0,01/12/2021 14:29,http://www.wildcad.net/WCAZ-SDCopen.htm,Play Ground,Wildfire,.,grass,0.1,"33 49.764, -109 58.632",POINT (-109.9772 33.8294)
0,01/11/2021 08:07,http://www.wildcad.net/WCAZ-SDCopen.htm,Snowy,Wildfire,Timberline acres,Grass / Pine,0.1,"34 17.196, -110 10.908",POINT (-110.1818 34.2866)
0,01/01/2021 12:46,http://www.wildcad.net/WCAZ-SDCopen.htm,New Year ,Wildfire,.,grass,0.1,"34 19.704, -110 47.124",POINT (-110.7854 34.3284)
0,12/15/2020 10:52,http://www.wildcad.net/WCAZ-SDCopen.htm,Morgan Tank,Wildfire,218 / Morgan tank,logging and thinning,0.5,"34 24.726, -110 22.668",POINT (-110.3778 34.4121)
0,10/17/2020 14:34,http://www.wildcad.net/WCAZ-SDCopen.htm,Los Burros#1,Wildfire,Los Burros Site #1,Campfire,0.1,"34 7.932, -109 48.786",POINT (-109.8131 34.1322)
0,01/18/2021 10:45,http://www.wildcad.net/WCAZ-TDCopen.htm,FA 28,Wildfire,RED MOUNTAIN [SVRD],.,.,"31 30.096, -110 42.912",POINT (-110.7152 31.5016)
0,01/09/2021 15:30,http://www.wildcad.net/WCAZ-TDCopen.htm,FA 20,Wildfire,"8 MILES SOUTH EAST OF FLORENCE, AZ",.,0.1,"33 11.208, -111 13.506",POINT (-111.2251 33.1868)
0,01/09/2021 12:04,http://www.wildcad.net/WCAZ-TDCopen.htm,4684,Wildfire,RED MOUNTAINS,TIMBER,0.1,"31 29.646, -110 25.188",POINT (-110.4198 31.4941)
0,01/09/2021 10:00,http://www.wildcad.net/WCAZ-TDCopen.htm,FA 17,Wildfire,.,.,.,"33 1.008, -110 44.628",POINT (-110.7438 33.0168)
0,01/06/2021 19:13,http://www.wildcad.net/WCAZ-TDCopen.htm,FA 15,Wildfire,16 MILES NW OF ARIVACA,.,1,"31 36.306, -111 31.236",POINT (-111.5206 31.6051)
0,01/04/2021 08:43,http://www.wildcad.net/WCAZ-TDCopen.htm,FA 12,Wildfire,.,.,.,"32 2.730, -110 59.682",POINT (-110.9947 32.0455)
0,01/03/2021 08:00,http://www.wildcad.net/WCAZ-TDCopen.htm,PINKLEY,Wildfire,.,BRUSH,.1,"31 59.928, -112 50.466",POINT (-112.8411 31.9988)
0,12/25/2020 07:38,http://www.wildcad.net/WCAZ-TDCopen.htm,NAVIDAD,Wildfire,.,.,.,"31 34.002, -111 2.694",POINT (-111.0449 31.5667)
0,12/31/2020 12:02,http://www.wildcad.net/WCAZ-WDCopen.htm,SITGREAVES,Wildfire,WRD-KNF,,0.1,"35 20.688, -112 1.158",POINT (-112.0193 35.3448)
0,01/16/2021 12:17,http://www.wildcad.net/WCCA-ANFopen.htm,MILLARD,Wildfire,CHANEY TRAIL/ MT LOWE MTWY,,0.98,"34 12.582, -118 8.784",POINT (-118.1464 34.2097)
0,01/14/2021 09:30,http://www.wildcad.net/WCCA-ANFopen.htm,HOGSBACK,Wildfire,MT BALDY RD/ N OF TUNNELS ,,2.4,"34 13.392, -117 40.248",POINT (-117.6708 34.2232)
0,01/19/2021 05:16,http://www.wildcad.net/WCCA-FICCopen.htm,72,Wildfire,PIERCE ST X AVE 72,.,.,"33.5256, -116.1131",POINT (-116.1131 33.5256)
0,01/18/2021 12:49,http://www.wildcad.net/WCCA-FICCopen.htm,OAK,Wildfire,OAK HILL,.,1,"34.3395, -117.4633",POINT (-117.4633 34.3395)
0,01/18/2021 12:39,http://www.wildcad.net/WCCA-FICCopen.htm,ALRAY,Wildfire,ALRAY ,.,0.25,"34.3164, -117.4791",POINT (-117.4791 34.3164)
0,01/18/2021 12:28,http://www.wildcad.net/WCCA-FICCopen.htm,CLEGHORN,Wildfire,NB 15 SOUTH OF KENWOOD,.,0.1,"34.2652, -117.4488",POINT (-117.4488 34.2652)
0,01/15/2021 01:21,http://www.wildcad.net/WCCA-FICCopen.htm,BONITA,Wildfire,28893 BONITA VISTA RD,.,715,"33.7042, -116.6699",POINT (-116.6699 33.7042)
0,01/12/2021 10:32,http://www.wildcad.net/WCCA-FICCopen.htm,CREEK ,Wildfire,40105 MILL CREEK RD ,.,0.1,"34.2330, -116.9272",POINT (-116.9272 34.233)
0,10/26/2020 12:05,http://www.wildcad.net/WCCA-FICCopen.htm,ORANGE 2,Wildfire,ORANGE X GREENSPOT,.,22.4,"34.0918, -117.1749",POINT (-117.1749 34.0918)
0,09/05/2020 10:26,http://www.wildcad.net/WCCA-FICCopen.htm,EL DORADO,Wildfire,"EL DORADO PARK, YUCAIPA",.,22744,"34.0551, -116.9856",POINT (-116.9856 34.0551)
0,07/31/2020 17:03,http://www.wildcad.net/WCCA-FICCopen.htm,APPLE,Wildfire,APPLE TREE X OAK GLEN,.,33424,"33.9985, -116.9334",POINT (-116.9334 33.9985)
0,01/19/2021 11:40,http://www.wildcad.net/WCCA-GVCCopen.htm,GASTON,Wildfire,.,,1.88,"39 21.708, -120 46.356",POINT (-120.7726 39.3618)
0,01/19/2021 09:09,http://www.wildcad.net/WCCA-GVCCopen.htm,TRANSFER,Wildfire,.,,0.97,"39 34.584, -120 40.080",POINT (-120.668 39.5764)
0,01/10/2021 06:59,http://www.wildcad.net/WCCA-OVICCopen.htm,FLAT,Wildfire,BIG PINE CREEK,,0.5,"37.1357, -118.4409",POINT (-118.4409 37.1357)
0,01/08/2021 15:45,http://www.wildcad.net/WCCA-OVICCopen.htm,LOGGING,Wildfire,BIG PINE CREEK,,1,"37.1399, -118.4273",POINT (-118.4273 37.1399)
0,01/04/2021 19:53,http://www.wildcad.net/WCCA-OVICCopen.htm,OR supporting FOOTHILL,Wildfire,ONION VALLEY RD/FOOTHILL,,1.17,"36.7550, -118.2541",POINT (-118.2541 36.755)
0,10/30/2020 12:56,http://www.wildcad.net/WCCA-OVICCopen.htm,OR supporting Rattlesnake,Wildfire,36 28.5 X 118 17.2,,.,"36.4197, -118.4484",POINT (-118.4484 36.4197)
0,01/13/2021 14:33,http://www.wildcad.net/WCCA-PNFopen.htm,Crescent Mills,Wildfire,CRESCENT MILLS/HWY 89,.,.,"40 5.874, -120 55.098",POINT (-120.9183 40.0979)
0,12/05/2020 12:53,http://www.wildcad.net/WCCA-PNFopen.htm,Hawley,Wildfire,80804 Hwy 70 Beckwourth,.,0.1,"39 49.122, -120 22.896",POINT (-120.3816 39.8187)
0,12/05/2020 09:03,http://www.wildcad.net/WCCA-PNFopen.htm,Keddie,Wildfire,Keddie Ridge,.,0.18,"40 11.418, -120 53.790",POINT (-120.8965 40.1903)
0,11/20/2020 07:52,http://www.wildcad.net/WCCA-PNFopen.htm,Green,Wildfire,"3665 Reservation Rd, Greenville",.,0.1,"40 8.856, -120 53.820",POINT (-120.897 40.1476)
0,11/17/2020 13:46,http://www.wildcad.net/WCCA-PNFopen.htm,Laura 2,Wildfire,"Doyle, Ca.",.,.,"40 2.166, -120 6.642",POINT (-120.1107 40.0361)
0,11/17/2020 10:51,http://www.wildcad.net/WCCA-PNFopen.htm,Gulch,Wildfire,Green Gulch Ranch,Grass,275,"39 47.910, -120 12.450",POINT (-120.2075 39.7985)
0,11/13/2020 10:24,http://www.wildcad.net/WCCA-PNFopen.htm,Milford,Wildfire,449-620 Flores Dr,Grass & sage,0.1,"40 9.768, -120 22.068",POINT (-120.3678 40.1628)
0,11/11/2020 18:20,http://www.wildcad.net/WCCA-PNFopen.htm,Thompson,Wildfire,760 La Porte Rd,.,0.1,"39 55.452, -120 53.022",POINT (-120.8837 39.9242)
0,11/10/2020 21:36,http://www.wildcad.net/WCCA-PNFopen.htm,Stampfli,Wildfire,Across from Stampfli Ln,.,0.2,"40 6.474, -120 54.786",POINT (-120.9131 40.1079)
0,11/09/2020 14:26,http://www.wildcad.net/WCCA-PNFopen.htm,Chilcoot,Wildfire,Chilcoot,"Grass, Sagebrush",0.1,"39 47.820, -120 7.950",POINT (-120.1325 39.797)
0,11/05/2020 16:01,http://www.wildcad.net/WCCA-PNFopen.htm,Wheeler,Wildfire,Genessee Vly,.,0.5,"40 5.358, -120 42.792",POINT (-120.7132 40.0893)
0,11/01/2020 08:27,http://www.wildcad.net/WCCA-PNFopen.htm,Fales,Wildfire,North of Spanish Peak and West of Meadow Valley,"Timber, brush ",0.8,"40 0.018, -121 8.436",POINT (-121.1406 40.0003)
0,10/31/2020 23:41,http://www.wildcad.net/WCCA-PNFopen.htm,Chandler Creek,Wildfire,Below 4 Corners Mt. Hough Road,.,0.2,"39 58.326, -120 52.452",POINT (-120.8742 39.9721)
0,10/27/2020 17:27,http://www.wildcad.net/WCCA-PNFopen.htm,Western,Wildfire,SW of Portola,.,0.25,"39 48.162, -120 29.370",POINT (-120.4895 39.8027)
0,10/12/2020 18:50,http://www.wildcad.net/WCCA-PNFopen.htm,Mill,Wildfire,"1-1.5 mi. up Four Trees Road, SE of Hwy 70, S. of Big Bar & Mill Ck",Log Deck,0.19,"39 47.676, -121 25.650",POINT (-121.4275 39.7946)
0,10/10/2020 03:23,http://www.wildcad.net/WCCA-PNFopen.htm,Peck,Wildfire,2258 Upper Peck Valley Road,Dozer,0.1,"40 9.942, -120 54.744",POINT (-120.9124 40.1657)
0,09/27/2020 21:23,http://www.wildcad.net/WCCA-PNFopen.htm,Power,Wildfire,"Sierra Park & Lee Road, near Fair Grounds Quincy",.,0.1,"39 56.562, -120 55.236",POINT (-120.9206 39.9427)
0,09/19/2020 11:23,http://www.wildcad.net/WCCA-PNFopen.htm,Ward,Wildfire,Ward Valley,.,1.35,"40 5.658, -120 41.526",POINT (-120.6921 40.0943)
0,09/18/2020 01:20,http://www.wildcad.net/WCCA-PNFopen.htm,Schneider ,Wildfire,Bucks lake road,.,0.1,"39 55.452, -121 5.064",POINT (-121.0844 39.9242)
0,09/10/2020 15:14,http://www.wildcad.net/WCCA-PNFopen.htm,Sugar,Wildfire,1651 Maddalena Rd,.,5.7,"39 50.106, -120 19.128",POINT (-120.3188 39.8351)
0,09/09/2020 05:07,http://www.wildcad.net/WCCA-PNFopen.htm,Davis 3,Wildfire,1/4 mile southwest of Lake Davis,.,11.1,"39 52.902, -120 30.462",POINT (-120.5077 39.8817)
0,09/06/2020 14:40,http://www.wildcad.net/WCCA-PNFopen.htm,Wyandotte CG,Wildfire,WYANDOTTE CAMP GRND,.,0.1,"39 43.470, -120 58.758",POINT (-120.9793 39.7245)
0,09/02/2020 21:13,http://www.wildcad.net/WCCA-PNFopen.htm,Ross Meadows,Wildfire,.,.,0.2,"39 48.540, -120 24.558",POINT (-120.4093 39.809)
0,08/31/2020 14:04,http://www.wildcad.net/WCCA-PNFopen.htm,Spanish ,Wildfire,Spanish Creek CG,.,0.1,"40 1.566, -120 58.008",POINT (-120.9668 40.0261)
0,08/31/2020 06:45,http://www.wildcad.net/WCCA-PNFopen.htm,Purdy,Wildfire,Purdy Lane,Vehicle ,0.1,"39 58.386, -120 58.080",POINT (-120.968 39.9731)
0,08/29/2020 10:39,http://www.wildcad.net/WCCA-PNFopen.htm,Beckwourth,Wildfire,80804 Hwy 70,grass,1.46,"39 49.104, -120 22.908",POINT (-120.3818 39.8184)
0,08/28/2020 17:50,http://www.wildcad.net/WCCA-PNFopen.htm,Byway,Wildfire,Near 48545 Hwy 70,.,0.1,"39 56.124, -120 51.534",POINT (-120.8589 39.9354)
0,08/22/2020 15:12,http://www.wildcad.net/WCCA-PNFopen.htm,Delleker,Wildfire,Delleker,.,0.21,"39 48.522, -120 29.730",POINT (-120.4955 39.8087)
0,08/18/2020 15:01,http://www.wildcad.net/WCCA-PNFopen.htm,Copper,Wildfire,Williams Valley x 27N88,.,50,"40 10.776, -120 57.918",POINT (-120.9653 40.1796)
0,08/18/2020 12:41,http://www.wildcad.net/WCCA-PNFopen.htm,Sawmill,Wildfire,Sawmill Ridge,Duff,0.3,"39 45.570, -120 51.774",POINT (-120.8629 39.7595)
0,08/18/2020 11:04,http://www.wildcad.net/WCCA-PNFopen.htm,Davis,Wildfire,Lk Davis area,.,2.1,"40 7.776, -120 59.928",POINT (-120.9988 40.1296)
0,08/18/2020 09:38,http://www.wildcad.net/WCCA-PNFopen.htm,Paxton,Wildfire,25N22 road North of Paxton,.,0.79,"40 3.432, -120 59.874",POINT (-120.9979 40.0572)
0,08/18/2020 09:11,http://www.wildcad.net/WCCA-PNFopen.htm,Branch,Wildfire,Soda Creek,0,0.6,"40 3.612, -120 59.946",POINT (-120.9991 40.0602)
0,08/17/2020 17:04,http://www.wildcad.net/WCCA-PNFopen.htm,Bear,Wildfire,Deadman Springs,.,12154,"39 48.666, -121 5.160",POINT (-121.086 39.8111)
0,08/17/2020 16:18,http://www.wildcad.net/WCCA-PNFopen.htm,Monitor 3,Wildfire,.,.,0.1,"40 4.218, -121 1.308",POINT (-121.0218 40.0703)
0,08/17/2020 15:35,http://www.wildcad.net/WCCA-PNFopen.htm,Meyers,Wildfire,Meyers Ranch,.,0.1,"40 9.984, -120 53.964",POINT (-120.8994 40.1664)
0,08/17/2020 15:15,http://www.wildcad.net/WCCA-PNFopen.htm,Little,Wildfire,Little North Fork,.,6,"39 46.704, -121 15.546",POINT (-121.2591 39.7784)
0,08/17/2020 13:27,http://www.wildcad.net/WCCA-PNFopen.htm,Anna,Wildfire,.,.,0.1,"39 58.548, -121 2.820",POINT (-121.047 39.9758)
0,08/17/2020 13:21,http://www.wildcad.net/WCCA-PNFopen.htm,Monitor 2,Wildfire,SE Onion Flat,.,0.1,"40 4.008, -121 0.942",POINT (-121.0157 40.0668)
0,08/17/2020 12:55,http://www.wildcad.net/WCCA-PNFopen.htm,Claremont,Wildfire,Back side of Claremont,.,318776,"39 51.498, -120 54.720",POINT (-120.912 39.8583)
0,08/17/2020 12:28,http://www.wildcad.net/WCCA-PNFopen.htm,Willard,Wildfire,NW of Flemings Sheep Camp,.,0.1,"40 17.736, -120 46.410",POINT (-120.7735 40.2956)
0,08/17/2020 12:24,http://www.wildcad.net/WCCA-PNFopen.htm,Flemings ,Wildfire,"Fleming sheep camp
Fleming Sheep Camp
Fleming Sheep Camp",.,0.1,"40 17.814, -120 44.862",POINT (-120.7477 40.2969)
0,08/17/2020 12:20,http://www.wildcad.net/WCCA-PNFopen.htm,Sheep,Wildfire,Jenkins Sheep Camp,.,29570,"40 16.710, -120 45.690",POINT (-120.7615 40.2785)
0,08/17/2020 12:01,http://www.wildcad.net/WCCA-PNFopen.htm,Monitor,Wildfire,.,.,0.1,"40 4.698, -121 1.026",POINT (-121.0171 40.0783)
0,08/17/2020 11:27,http://www.wildcad.net/WCCA-PNFopen.htm,Evans,Wildfire,Noth of Evans Peak,.,8,"40 11.172, -120 50.886",POINT (-120.8481 40.1862)
0,08/17/2020 11:20,http://www.wildcad.net/WCCA-PNFopen.htm,Davis 2,Wildfire,NW Round Valley Reservoir,.,0.1,"40 7.356, -120 58.398",POINT (-120.9733 40.1226)
0,08/17/2020 10:19,http://www.wildcad.net/WCCA-PNFopen.htm,Kessler,Wildfire,Kessler Peak area,.,0.25,"40 6.234, -120 44.652",POINT (-120.7442 40.1039)
0,08/17/2020 09:34,http://www.wildcad.net/WCCA-PNFopen.htm,Iron,Wildfire,Johnson Ranch off Mt Hough,.,45,"40 3.450, -120 51.504",POINT (-120.8584 40.0575)
0,08/17/2020 09:24,http://www.wildcad.net/WCCA-PNFopen.htm,Neer,Wildfire,Keddie Ridge above North Valley Road near the Neer Ranch,.,0.1,"40 7.230, -120 51.168",POINT (-120.8528 40.1205)
0,08/17/2020 06:23,http://www.wildcad.net/WCCA-PNFopen.htm,Loop B,Wildfire,LITTLE GRASS VALLEY RES.,.,0.1,"39 43.746, -120 58.062",POINT (-120.9677 39.7291)
0,08/14/2020 17:29,http://www.wildcad.net/WCCA-PNFopen.htm,Ramelli,Wildfire,Somewhere North of Frenchman Lake,.,0.1,"39 59.166, -120 15.330",POINT (-120.2555 39.9861)
0,08/13/2020 16:57,http://www.wildcad.net/WCCA-PNFopen.htm,Feather,Wildfire,Howland Flat,"Timber, Brush",39,"39 42.966, -120 55.194",POINT (-120.9199 39.7161)
0,08/11/2020 16:13,http://www.wildcad.net/WCCA-PNFopen.htm,Devils,Wildfire,DEVILS PUNCH BOWL,.,0.1,"40 0.690, -120 47.430",POINT (-120.7905 40.0115)
0,08/11/2020 11:04,http://www.wildcad.net/WCCA-PNFopen.htm,Ferris,Wildfire,Conklin Park near the 25N34Y road,.,1,"40 0.834, -120 21.762",POINT (-120.3627 40.0139)
0,08/09/2020 20:28,http://www.wildcad.net/WCCA-PNFopen.htm,Sugarloaf,Wildfire,West of Meadowview,.,0.1,"40 1.782, -120 13.500",POINT (-120.225 40.0297)
0,08/02/2020 09:07,http://www.wildcad.net/WCCA-PNFopen.htm,Peavine,Wildfire,Peavine Creek,.,5.14,"39 43.404, -121 21.072",POINT (-121.3512 39.7234)
0,07/31/2020 12:24,http://www.wildcad.net/WCCA-PNFopen.htm,Shady,Wildfire,5 mi east of Pulga bridge,.,0.1,"39 51.018, -121 23.550",POINT (-121.3925 39.8503)
0,07/27/2020 18:44,http://www.wildcad.net/WCCA-PNFopen.htm,Curtis,Wildfire,West of Indian Falls,.,0.1,"40 3.498, -120 59.892",POINT (-120.9982 40.0583)
0,07/27/2020 18:12,http://www.wildcad.net/WCCA-PNFopen.htm,Canyon,Wildfire,Siegfried Canyon,single tree,0.1,"40 2.550, -120 24.876",POINT (-120.4146 40.0425)
0,07/26/2020 20:19,http://www.wildcad.net/WCCA-PNFopen.htm,Scotts,Wildfire,Doyle,.,0.1,"39 53.034, -120 3.408",POINT (-120.0568 39.8839)
0,07/26/2020 19:30,http://www.wildcad.net/WCCA-PNFopen.htm,Adams,Wildfire,East of Adams Peak,"Grass, brush",918,"39 55.452, -120 1.680",POINT (-120.028 39.9242)
0,07/22/2020 15:47,http://www.wildcad.net/WCCA-PNFopen.htm,Penman,Wildfire,North of Mohawk Vista towards Penman Peak,Timber with grass ,0.19,"39 47.052, -120 34.464",POINT (-120.5744 39.7842)
0,07/22/2020 09:14,http://www.wildcad.net/WCCA-PNFopen.htm,Lowe,Wildfire,Wild Cat Ridge,.,0.3,"40 14.466, -120 37.032",POINT (-120.6172 40.2411)
0,07/21/2020 16:13,http://www.wildcad.net/WCCA-PNFopen.htm,Bird,Wildfire,Bird Creek,Sage and grass,25,"40 3.816, -120 14.178",POINT (-120.2363 40.0636)
0,07/21/2020 15:47,http://www.wildcad.net/WCCA-PNFopen.htm,Crystal,Wildfire,Crystal Peak,.,0.75,"39 58.128, -120 9.594",POINT (-120.1599 39.9688)
0,07/21/2020 08:02,http://www.wildcad.net/WCCA-PNFopen.htm,Coyote,Wildfire,McReynolds Valley,.,0.1,"39 59.724, -120 28.926",POINT (-120.4821 39.9954)
0,07/18/2020 13:27,http://www.wildcad.net/WCCA-PNFopen.htm,Twain 2,Wildfire,1 mi east of Twain,.,0.8,"40 1.296, -121 3.504",POINT (-121.0584 40.0216)
0,07/17/2020 19:05,http://www.wildcad.net/WCCA-PNFopen.htm,Dixie,Wildfire,DIXIE VALLEY MID,.,9.3,"39 54.060, -120 14.538",POINT (-120.2423 39.901)
0,07/15/2020 14:06,http://www.wildcad.net/WCCA-PNFopen.htm,Peerless,Wildfire,Peerless Mine,.,0.1,"40 8.178, -121 0.324",POINT (-121.0054 40.1363)
0,07/14/2020 17:30,http://www.wildcad.net/WCCA-PNFopen.htm,Challenge,Wildfire,Challenge Grade and Laporte road,.,0.1,"39 29.736, -121 12.288",POINT (-121.2048 39.4956)
0,07/08/2020 05:50,http://www.wildcad.net/WCCA-PNFopen.htm,Wolf,Wildfire,GREENVILLE,.,0.1,"40 9.036, -120 57.792",POINT (-120.9632 40.1506)
0,07/07/2020 06:55,http://www.wildcad.net/WCCA-PNFopen.htm,Gulling,Wildfire,PORTOLA,.,0.1,"39 48.018, -120 26.964",POINT (-120.4494 39.8003)
0,07/05/2020 17:17,http://www.wildcad.net/WCCA-PNFopen.htm,Wyandotte 2,Wildfire,Wyandotte CG,.,0.1,"39 43.284, -120 58.788",POINT (-120.9798 39.7214)
0,07/05/2020 15:16,http://www.wildcad.net/WCCA-PNFopen.htm,Wyandotte 1,Wildfire,WYANDOTTE CAMP GRND,.,0.1,"39 43.470, -120 58.758",POINT (-120.9793 39.7245)
0,07/04/2020 10:19,http://www.wildcad.net/WCCA-PNFopen.htm,Snake,Wildfire,SNAKE LAKE,.,0.5,"39 59.196, -121 0.456",POINT (-121.0076 39.9866)
0,07/04/2020 08:35,http://www.wildcad.net/WCCA-PNFopen.htm,Peak,Wildfire,BECKWOURTH PEAK BK,.,0.1,"39 46.980, -120 26.802",POINT (-120.4467 39.783)
0,07/03/2020 21:24,http://www.wildcad.net/WCCA-PNFopen.htm,Sly,Wildfire,Sly Crk Res,.,0.1,"39 34.992, -121 7.134",POINT (-121.1189 39.5832)
0,06/27/2020 14:01,http://www.wildcad.net/WCCA-PNFopen.htm, Blackhawk,Wildfire,BLACKHAWK CR POND MH,.,0.1,"39 58.458, -120 57.726",POINT (-120.9621 39.9743)
0,06/24/2020 13:09,http://www.wildcad.net/WCCA-PNFopen.htm,Big,Wildfire,25N13 road Butterfly Logging Unit,.,0.1,"39 59.646, -121 0.396",POINT (-121.0066 39.9941)
0,06/23/2020 20:09,http://www.wildcad.net/WCCA-PNFopen.htm,Wemple,Wildfire,Wemple Cabin,.,0.35,"40 12.426, -120 33.504",POINT (-120.5584 40.2071)
0,06/23/2020 18:33,http://www.wildcad.net/WCCA-PNFopen.htm,McReynolds,Wildfire,Siegfried canyon,understory litter,0.25,"40 2.136, -120 25.854",POINT (-120.4309 40.0356)
0,06/23/2020 17:19,http://www.wildcad.net/WCCA-PNFopen.htm,College 4,Wildfire,"Hwy 70 near the college turnoff
Hwy. 70",.,0.1,"39 57.768, -120 56.928",POINT (-120.9488 39.9628)
0,06/23/2020 17:16,http://www.wildcad.net/WCCA-PNFopen.htm,College 3,Wildfire,Hwy 70 near college turn off,.,0.1,"39 57.762, -120 56.904",POINT (-120.9484 39.9627)
0,06/23/2020 17:04,http://www.wildcad.net/WCCA-PNFopen.htm,College 2,Wildfire,Hwy. 70 near college turn off,.,0.1,"39 57.834, -120 56.784",POINT (-120.9464 39.9639)
0,06/23/2020 16:16,http://www.wildcad.net/WCCA-PNFopen.htm,College 1,Wildfire,Hwy 70 near Feather River College,.,0.1,"39 58.134, -120 56.418",POINT (-120.9403 39.9689)
0,06/23/2020 12:53,http://www.wildcad.net/WCCA-PNFopen.htm,French,Wildfire,Frenchman Lake WC,.,0.1,"39 53.286, -120 12.126",POINT (-120.2021 39.8881)
0,06/21/2020 13:35,http://www.wildcad.net/WCCA-PNFopen.htm,East,Wildfire,2262 Mansel,.,0.1,"39 55.716, -120 53.802",POINT (-120.8967 39.9286)
0,06/20/2020 15:06,http://www.wildcad.net/WCCA-PNFopen.htm,Cottonwood,Wildfire,COTTONWOOD CAMPGROUND,.,0.1,"39 53.334, -120 13.014",POINT (-120.2169 39.8889)
0,06/19/2020 12:12,http://www.wildcad.net/WCCA-PNFopen.htm,La Porte,Wildfire,La Porte Rd. x Hwy. 70,.,0.1,"39 56.052, -120 53.064",POINT (-120.8844 39.9342)
0,06/19/2020 10:56,http://www.wildcad.net/WCCA-PNFopen.htm,Valley,Wildfire,"1599 Valley Ranch Rd, Clio",.,0.1,"39 44.514, -120 33.624",POINT (-120.5604 39.7419)
0,06/14/2020 22:46,http://www.wildcad.net/WCCA-PNFopen.htm,Wyandotte,Wildfire,WYANDOTTE CAMP GRND,.,0.1,"39 43.488, -120 58.956",POINT (-120.9826 39.7248)
0,06/10/2020 19:52,http://www.wildcad.net/WCCA-PNFopen.htm,Greenhorn,Wildfire,GREENHORN RANCH,timber litter,0.33,"39 54.336, -120 44.772",POINT (-120.7462 39.9056)
0,06/07/2020 09:31,http://www.wildcad.net/WCCA-PNFopen.htm,Happy,Wildfire,"Happy Valley
Happy valley
",.,0.1,"39 52.842, -120 38.196",POINT (-120.6366 39.8807)
0,06/05/2020 13:42,http://www.wildcad.net/WCCA-PNFopen.htm,Crackerjack,Wildfire,6145 Crackerjack Rd,.,0.5,"39 47.760, -120 30.252",POINT (-120.5042 39.796)
0,06/03/2020 15:45,http://www.wildcad.net/WCCA-PNFopen.htm,Lee,Wildfire,Harrison Gulch x Harrison Flat,Timber / Brush,2.8,"39 50.544, -120 43.776",POINT (-120.7296 39.8424)
0,05/30/2020 08:52,http://www.wildcad.net/WCCA-PNFopen.htm,Erickson,Wildfire,Erickson Rd x Round Valley,Timber,0.1,"40 8.244, -120 58.440",POINT (-120.974 40.1374)
0,05/27/2020 16:30,http://www.wildcad.net/WCCA-PNFopen.htm,Twain,Wildfire,Twain,.,0.1,"40 1.404, -121 3.780",POINT (-121.063 40.0234)
0,05/23/2020 15:52,http://www.wildcad.net/WCCA-PNFopen.htm,Empire,Wildfire,40560 Blackhawk Rd,.,0.1,"39 58.926, -120 57.612",POINT (-120.9602 39.9821)
0,05/23/2020 13:47,http://www.wildcad.net/WCCA-PNFopen.htm,Cleghorn,Wildfire,CLEGHORN BAR 4x4 TRL  x LA PORTE RD,.,0.1,"39 48.738, -121 0.936",POINT (-121.0156 39.8123)
0,05/22/2020 16:13,http://www.wildcad.net/WCCA-PNFopen.htm,Goat 2,Wildfire,Goat Hill x Hwy 70,.,0.1,"40 2.406, -120 58.062",POINT (-120.9677 40.0401)
0,05/22/2020 15:34,http://www.wildcad.net/WCCA-PNFopen.htm,Goat,Wildfire,GOAT HILL/HWY 70,.,0.1,"40 2.406, -120 58.056",POINT (-120.9676 40.0401)
0,05/10/2020 10:51,http://www.wildcad.net/WCCA-PNFopen.htm,Grays,Wildfire,40 0.800  121 4.972,.,0.1,"40 0.798, -121 4.968",POINT (-121.0828 40.0133)
0,05/08/2020 11:13,http://www.wildcad.net/WCCA-PNFopen.htm,Lyzenga,Wildfire,Lyzenga Rd x Milford Grd,.,0.07,"40 9.960, -120 22.392",POINT (-120.3732 40.166)
0,04/23/2020 14:00,http://www.wildcad.net/WCCA-PNFopen.htm,Old Feather,Wildfire,C RD/CLIO RR CROSSING  BK ,.,6.7,"39 46.968, -120 31.086",POINT (-120.5181 39.7828)
0,04/18/2020 07:07,http://www.wildcad.net/WCCA-PNFopen.htm,The Q,Wildfire,.,.,0.1,"39 56.472, -120 56.040",POINT (-120.934 39.9412)
0,04/16/2020 16:41,http://www.wildcad.net/WCCA-PNFopen.htm,Diamond,Wildfire,.,.,1.5,"40 8.286, -120 49.218",POINT (-120.8203 40.1381)
0,04/03/2020 14:18,http://www.wildcad.net/WCCA-PNFopen.htm,Junction,Wildfire,.,.,1,"39 57.576, -120 54.696",POINT (-120.9116 39.9596)
0,03/11/2020 12:42,http://www.wildcad.net/WCCA-PNFopen.htm,Cherry,Wildfire,"1435 Cherry Circle Portola, CA",.,0.1,"39 49.338, -120 28.368",POINT (-120.4728 39.8223)
0,02/09/2020 15:43,http://www.wildcad.net/WCCA-PNFopen.htm,Wagon,Wildfire,CRESCENT MILLS x OLD VALLEY RD,.,0.5,"40 5.880, -120 55.086",POINT (-120.9181 40.098)
0,01/20/2021 13:45,http://www.wildcad.net/WCCA-SNFopen.htm,UNDERWOOD,Wildfire,SAN LUIS RESERVIOR,,.,"37 19.404, -119 33.276",POINT (-119.5546 37.3234)
0,01/19/2021 13:16,http://www.wildcad.net/WCCA-SNFopen.htm,WILD DOVE,Wildfire,WILD DOVE LANE,,.,"37 32.238, -119 50.118",POINT (-119.8353 37.5373)
0,01/19/2021 09:16,http://www.wildcad.net/WCCA-SNFopen.htm,CASTLE,Wildfire,RD 225 X ,,0.25,"37 11.166, -119 27.486",POINT (-119.4581 37.1861)
0,01/19/2021 09:07,http://www.wildcad.net/WCCA-SNFopen.htm,BEARCLOVER ,Wildfire,BEARCLOVER LANE 1 MILE FROM SCOTT ROAD,,1.5,"37 35.016, -119 51.828",POINT (-119.8638 37.5836)
0,11/06/2020 08:39,http://www.wildcad.net/WCCA-SNFopen.htm,GLEN ,Wildfire,DINKEY CREEK RD X 10S17,,0.1,"37 4.104, -119 10.896",POINT (-119.1816 37.0684)
0,09/04/2020 18:33,http://www.wildcad.net/WCCA-SNFopen.htm,CREEK,Wildfire,CAMP SIERRA,,379895,"37 12.060, -119 16.296",POINT (-119.2716 37.201)
0,08/28/2020 17:09,http://www.wildcad.net/WCCA-SNFopen.htm,MYSTERY ,Wildfire,MYSTERY LAKE,,0.1,"37 9.498, -119 5.406",POINT (-119.0901 37.1583)
0,08/23/2020 19:36,http://www.wildcad.net/WCCA-SNFopen.htm,ONION,Wildfire,ONION SPRINGS OHV,,0.1,"37 24.174, -119 4.548",POINT (-119.0758 37.4029)
0,08/19/2020 14:47,http://www.wildcad.net/WCCA-SNFopen.htm,RIDGE,Wildfire,10S076,,0.1,"37 5.580, -119 15.732",POINT (-119.2622 37.093)
0,08/07/2020 15:54,http://www.wildcad.net/WCCA-SNFopen.htm,PT33 ABANDONEDCAMPFIRE 9S09 H SPUR,Wildfire,9S09 RD H SPUR,,.,"37 6.978, -119 10.248",POINT (-119.1708 37.1163)
0,07/04/2020 12:28,http://www.wildcad.net/WCCA-SNFopen.htm,THORTON,Wildfire,SAN FRANCISCO BAY NWR,,0.1,"37 31.566, -122 3.360",POINT (-122.056 37.5261)
0,06/13/2020 06:50,http://www.wildcad.net/WCCA-SNFopen.htm,BUTTE,Wildfire,JACKASS BUTTE AREA,,0.1,"37 27.378, -119 20.460",POINT (-119.341 37.4563)
0,01/20/2021 14:03,http://www.wildcad.net/WCCA-STFopen.htm,CABBAGE,Wildfire,CABBAGE PATCH. 5 STANDS WEST OF 7N09.,.,0.1,"38.4116, -120.1383",POINT (-120.1383 38.4116)
0,01/19/2021 10:28,http://www.wildcad.net/WCCA-STFopen.htm,ABERNATHY,Wildfire,CAMP MATHER,.,242,"37.8737, -119.9018",POINT (-119.9018 37.8737)
0,12/09/2020 12:46,http://www.wildcad.net/WCCA-STFopen.htm,SIERRA ,Wildfire,LYONS ,timber understory ,5.1,"38.1079, -120.1642",POINT (-120.1642 38.1079)
0,01/20/2021 15:27,http://www.wildcad.net/WCCALPFopen.htm,New,Wildfire,.,.,.,"36 4.902, -121 23.994",POINT (-121.3999 36.0817)
0,01/19/2021 12:08,http://www.wildcad.net/WCCALPFopen.htm,WOLF,Wildfire,Hwy 166 and Wind Wolf Preserve,.,.,"35 0.636, -119 11.040",POINT (-119.184 35.0106)
0,10/18/2020 12:24,http://www.wildcad.net/WCCALPFopen.htm,COLEMAN,Wildfire,Del Venturi Rd East Of AV Ranch,.,574,"36 6.210, -121 19.986",POINT (-121.3331 36.1035)
0,08/18/2020 20:04,http://www.wildcad.net/WCCALPFopen.htm,DOLAN,Wildfire,36 7.166 x 121 35.986,grass brush,124924,"36 7.398, -121 36.096",POINT (-121.6016 36.1233)
0,10/22/2020 18:46,http://www.wildcad.net/WCCO-CRCopen.htm,EAST SUMMIT ,Wildfire,Muddy pass,spruce/ fir,0.6,"40 23.802, -106 35.448",POINT (-106.5908 40.3967)
0,10/17/2020 11:25,http://www.wildcad.net/WCCO-CRCopen.htm,BURRO,Wildfire,Burro Mountain,"Grass, Timber",0.1,"40 11.220, -107 22.284",POINT (-107.3714 40.187)
0,10/15/2020 15:35,http://www.wildcad.net/WCCO-CRCopen.htm,BLACK MOUNTAIN,Wildfire,Black Mountain,spruce/fir,0.1,"40 46.740, -107 23.694",POINT (-107.3949 40.779)
0,10/14/2020 12:26,http://www.wildcad.net/WCCO-CRCopen.htm,EAST TROUBLESOME,Wildfire,Troublesome Creek,.,193812,"40 12.174, -106 14.322",POINT (-106.2387 40.2029)
0,10/12/2020 11:55,http://www.wildcad.net/WCCO-CRCopen.htm,SPRUCE CREEK,Wildfire,Dice Hill [CO-Grand],"Grass,Brush,Spruce",0.1,"39 53.808, -106 24.786",POINT (-106.4131 39.8968)
0,10/12/2020 10:22,http://www.wildcad.net/WCCO-CRCopen.htm,ROUGH,Wildfire,"Vaughn Lake
",Grass,0.1,"40 9.204, -107 16.956",POINT (-107.2826 40.1534)
0,09/19/2020 19:17,http://www.wildcad.net/WCCO-CRCopen.htm,CONWAY,Wildfire,.,PJ,0.1,"40 44.256, -108 51.384",POINT (-108.8564 40.7376)
0,09/06/2020 08:13,http://www.wildcad.net/WCCO-CRCopen.htm,MIDDLE FORK,Wildfire,10 miles N of Steamboat Springs,Aspen,20517,"40 37.698, -106 47.736",POINT (-106.7956 40.6283)
0,09/05/2020 16:56,http://www.wildcad.net/WCCO-CRCopen.htm,COUNTY ROAD 8,Wildfire,Meeker Dome,"PJ, Grass/Brush",2,"40 2.370, -107 51.120",POINT (-107.852 40.0395)
0,09/04/2020 12:16,http://www.wildcad.net/WCCO-CRCopen.htm,WOLFORD,Wildfire,Wolford,"grass, PJ",0.1,"40 7.302, -106 23.040",POINT (-106.384 40.1217)
0,09/01/2020 18:07,http://www.wildcad.net/WCCO-CRCopen.htm,RYE,Wildfire,Kurth Draw,Pinion/Juniper,0.1,"40 36.504, -108 42.486",POINT (-108.7081 40.6084)
0,08/30/2020 14:23,http://www.wildcad.net/WCCO-CRCopen.htm,THREE,Wildfire,Bear Valley Ridge,pj,0.1,"40 22.392, -108 40.242",POINT (-108.6707 40.3732)
0,08/30/2020 14:21,http://www.wildcad.net/WCCO-CRCopen.htm,BONE,Wildfire,Dinosaur Trail,pj,0.1,"40 22.020, -108 39.192",POINT (-108.6532 40.367)
0,08/30/2020 13:33,http://www.wildcad.net/WCCO-CRCopen.htm,LEO,Wildfire,Piceance State Wildlife Area,Pinyon/Juniper,0.1,"40 4.026, -108 13.908",POINT (-108.2318 40.0671)
0,08/30/2020 12:37,http://www.wildcad.net/WCCO-CRCopen.htm,HAMMOND,Wildfire,Langley Draw,pj,0.1,"40 38.958, -108 35.520",POINT (-108.592 40.6493)
0,08/30/2020 12:18,http://www.wildcad.net/WCCO-CRCopen.htm,PUMPKIN,Wildfire,Dugout Draw,pj,0.1,"40 46.008, -108 15.450",POINT (-108.2575 40.7668)
0,08/30/2020 12:10,http://www.wildcad.net/WCCO-CRCopen.htm,SAGER,Wildfire,Langley Draw,pj,11,"40 39.006, -108 35.964",POINT (-108.5994 40.6501)
0,08/29/2020 18:59,http://www.wildcad.net/WCCO-CRCopen.htm,DAISY,Wildfire,Daisy Spring,grass/brush/P pine,0.1,"40 34.968, -108 44.112",POINT (-108.7352 40.5828)
0,08/29/2020 18:41,http://www.wildcad.net/WCCO-CRCopen.htm,LODORE,Wildfire,Across river form Gates of Ladore RS,pj,0.1,"40 44.106, -108 53.634",POINT (-108.8939 40.7351)
0,08/29/2020 16:43,http://www.wildcad.net/WCCO-CRCopen.htm,COLLINS,Wildfire,Collins Gultch,PJ,0.1,"39 50.676, -108 10.602",POINT (-108.1767 39.8446)
0,08/29/2020 16:10,http://www.wildcad.net/WCCO-CRCopen.htm,SIMSBERRY,Wildfire,Godiva Rim,pj,0.1,"40 36.360, -108 12.792",POINT (-108.2132 40.606)
0,08/29/2020 15:46,http://www.wildcad.net/WCCO-CRCopen.htm,SANDSTONE,Wildfire,Gardenhive Gulch,PJ,0.1,"39 51.510, -108 11.616",POINT (-108.1936 39.8585)
0,08/29/2020 15:05,http://www.wildcad.net/WCCO-CRCopen.htm,ROCK,Wildfire,BLM 1111/RBX CR 23 Jct (Rio Blanco),PJ,0.1,"40 0.720, -108 50.592",POINT (-108.8432 40.012)
0,08/28/2020 13:25,http://www.wildcad.net/WCCO-CRCopen.htm,WILDCAT,Wildfire,Wildcat Draw,"grass, brush, PJ",0.1,"40 34.350, -108 0.792",POINT (-108.0132 40.5725)
0,08/28/2020 13:12,http://www.wildcad.net/WCCO-CRCopen.htm,SPRING,Wildfire,Eagle Park ,PJ,0.1,"40 34.230, -108 3.384",POINT (-108.0564 40.5705)
0,08/27/2020 18:34,http://www.wildcad.net/WCCO-CRCopen.htm,PECK,Wildfire,peck mesa,"grass/brush, PJ",0.1,"40 32.556, -108 20.358",POINT (-108.3393 40.5426)
0,08/25/2020 13:50,http://www.wildcad.net/WCCO-CRCopen.htm,JOHNSON,Wildfire,Johnson canyon,PJ,0.1,"40 27.972, -108 48.390",POINT (-108.8065 40.4662)
0,08/25/2020 09:51,http://www.wildcad.net/WCCO-CRCopen.htm,SAM,Wildfire,douglas mtn,PJ sage,0.1,"40 33.546, -108 47.856",POINT (-108.7976 40.5591)
0,08/23/2020 17:05,http://www.wildcad.net/WCCO-CRCopen.htm,WOOD,Wildfire,Wood Gulch,Pinion Juniper,0.25,"40 16.278, -107 43.584",POINT (-107.7264 40.2713)
0,08/21/2020 14:10,http://www.wildcad.net/WCCO-CRCopen.htm,PATCH,Wildfire,near Irish canyon,PJ,0.1,"40 46.770, -108 45.774",POINT (-108.7629 40.7795)
0,08/21/2020 13:46,http://www.wildcad.net/WCCO-CRCopen.htm,EAGLE,Wildfire,CR 19,PJ,0.1,"40 34.320, -108 6.078",POINT (-108.1013 40.572)
0,08/20/2020 18:23,http://www.wildcad.net/WCCO-CRCopen.htm,OAK,Wildfire,North Elk Creek,Pinion/Juniper,0.1,"39 57.054, -107 42.420",POINT (-107.707 39.9509)
0,08/20/2020 16:14,http://www.wildcad.net/WCCO-CRCopen.htm,SMIMS,Wildfire,Godiva Rim,Pinion Juniper,0.1,"40 36.558, -108 13.104",POINT (-108.2184 40.6093)
0,08/20/2020 14:57,http://www.wildcad.net/WCCO-CRCopen.htm,LANGLEY,Wildfire,Langley Draw,"grass, brush, pj",0.28,"40 39.102, -108 35.982",POINT (-108.5997 40.6517)
0,08/20/2020 12:56,http://www.wildcad.net/WCCO-CRCopen.htm,CALICO,Wildfire,Calico Draw,PJ,0.25,"40 23.436, -108 32.316",POINT (-108.5386 40.3906)
0,08/16/2020 16:30,http://www.wildcad.net/WCCO-CRCopen.htm,HORSE GULCH,Wildfire,Horse Gulch,Grass/Brush,0.1,"40 4.488, -106 22.176",POINT (-106.3696 40.0748)
0,08/14/2020 15:03,http://www.wildcad.net/WCCO-CRCopen.htm,WELL,Wildfire,Meeker,Grass/Brush,2,"40 2.700, -107 55.044",POINT (-107.9174 40.045)
0,08/13/2020 13:17,http://www.wildcad.net/WCCO-CRCopen.htm,LOG,Wildfire,Hot Sulpur Springs,Slash,0.1,"40 7.716, -106 5.796",POINT (-106.0966 40.1286)
0,08/11/2020 14:41,http://www.wildcad.net/WCCO-CRCopen.htm,GUARDRAIL,Wildfire,Fourmile Draw,Grass/Brush,0.75,"39 57.702, -108 46.326",POINT (-108.7721 39.9617)
0,08/02/2020 08:32,http://www.wildcad.net/WCCO-CRCopen.htm,MILL CREEK,Wildfire,Mill Creek,Lodgepole Pine,0.1,"40 47.022, -107 0.600",POINT (-107.01 40.7837)
0,08/01/2020 19:25,http://www.wildcad.net/WCCO-CRCopen.htm,STATELINE,Wildfire,.,Grass/Sage brush,16.5,"41 0.012, -107 39.396",POINT (-107.6566 41.0002)
0,08/01/2020 16:02,http://www.wildcad.net/WCCO-CRCopen.htm,IRISH,Wildfire,Irish Canyon,PJ,81,"40 49.482, -108 44.010",POINT (-108.7335 40.8247)
0,07/31/2020 14:46,http://www.wildcad.net/WCCO-CRCopen.htm,POTS,Wildfire,Pot Creek,Ponderosa/Juniper ,235,"40 40.398, -109 2.268",POINT (-109.0378 40.6733)
0,07/29/2020 14:24,http://www.wildcad.net/WCCO-CRCopen.htm,COYOTE,Wildfire,County Roud 57 mm 2,"grass, brush, PJ",0.25,"40 14.772, -108 4.716",POINT (-108.0786 40.2462)
0,07/29/2020 12:52,http://www.wildcad.net/WCCO-CRCopen.htm,JESSUP,Wildfire,Jessup gulch,PJ,0.1,"39 49.920, -108 9.774",POINT (-108.1629 39.832)
0,07/23/2020 10:27,http://www.wildcad.net/WCCO-CRCopen.htm,WATT,Wildfire,gillam draw,GRASS/BRUSH,0.3,"40 5.244, -108 44.538",POINT (-108.7423 40.0874)
0,07/20/2020 12:38,http://www.wildcad.net/WCCO-CRCopen.htm,DICE HILL,Wildfire,Sheephorn Mountain [CO-Grand],Mixed Conifer,27,"39 55.470, -106 25.818",POINT (-106.4303 39.9245)
0,07/17/2020 15:34,http://www.wildcad.net/WCCO-CRCopen.htm,JIMMY,Wildfire,Big Jimmy Gulch,PJ,0.1,"39 48.480, -108 15.168",POINT (-108.2528 39.808)
0,07/16/2020 17:29,http://www.wildcad.net/WCCO-CRCopen.htm,BASELINE,Wildfire,Big Ridge,"grass, brush PJ",4,"39 59.736, -108 43.608",POINT (-108.7268 39.9956)
0,07/16/2020 15:15,http://www.wildcad.net/WCCO-CRCopen.htm,OIL SHALE,Wildfire,Stewart Gulch,"duff, PJ",0.1,"39 49.020, -108 11.646",POINT (-108.1941 39.817)
0,07/16/2020 10:43,http://www.wildcad.net/WCCO-CRCopen.htm,DOSE,Wildfire,Park Mountain [CO-Rio Blanco],PJ,0.1,"39 50.238, -108 56.508",POINT (-108.9418 39.8373)
0,07/16/2020 08:19,http://www.wildcad.net/WCCO-CRCopen.htm,LITTLE STEWART,Wildfire,near stewart fire,"PJ, grass/brush",0.3,"39 50.214, -108 12.318",POINT (-108.2053 39.8369)
0,07/16/2020 00:08,http://www.wildcad.net/WCCO-CRCopen.htm,RED WASH,Wildfire,Red Wash,Pinion Juniper,0.5,"39 51.186, -108 54.720",POINT (-108.912 39.8531)
0,07/15/2020 16:29,http://www.wildcad.net/WCCO-CRCopen.htm,WILLIAMS FORK,Wildfire,Flat Tops,"Grass,Brush, LP",0.3,"40 6.366, -107 24.396",POINT (-107.4066 40.1061)
0,07/15/2020 13:15,http://www.wildcad.net/WCCO-CRCopen.htm,GRASSY,Wildfire,Black Mountain WSA,"grass, brush, PJ",868,"40 5.004, -108 5.082",POINT (-108.0847 40.0834)
0,07/13/2020 17:12,http://www.wildcad.net/WCCO-CRCopen.htm,SAND SPRING,Wildfire,Duffy Mountain [CO-Moffat],Grass/Brush,87,"40 26.202, -107 45.684",POINT (-107.7614 40.4367)
0,07/13/2020 14:51,http://www.wildcad.net/WCCO-CRCopen.htm,LAY,Wildfire,Lay Creek Area,PJ,0.1,"40 31.440, -107 58.242",POINT (-107.9707 40.524)
0,07/13/2020 14:14,http://www.wildcad.net/WCCO-CRCopen.htm,DUCK,Wildfire,Duck Creek,Pinion/Juniper,5.3,"40 0.198, -108 26.508",POINT (-108.4418 40.0033)
0,07/13/2020 07:40,http://www.wildcad.net/WCCO-CRCopen.htm,YELLOW JACKET,Wildfire,diamond breaks wsa,PJ,0.1,"40 47.196, -108 59.478",POINT (-108.9913 40.7866)
0,07/13/2020 06:53,http://www.wildcad.net/WCCO-CRCopen.htm,TROWEL,Wildfire,Thornburgh Gulch,PJ,4.36,"40 57.192, -107 47.286",POINT (-107.7881 40.9532)
0,07/07/2020 07:48,http://www.wildcad.net/WCCO-CRCopen.htm,STREETER,Wildfire,mount streeter,grass/brush/p-j,1639,"40 15.834, -107 47.424",POINT (-107.7904 40.2639)
0,06/27/2020 12:32,http://www.wildcad.net/WCCO-CRCopen.htm,STAKE,Wildfire,Left Fork Stake Springs,Pinion Juniper,9,"39 51.930, -108 31.104",POINT (-108.5184 39.8655)
0,06/26/2020 12:38,http://www.wildcad.net/WCCO-CRCopen.htm,BILLIARD TABLE,Wildfire,The Billiard Table,Pinion Juniper,0.2,"40 29.118, -108 56.748",POINT (-108.9458 40.4853)
0,06/26/2020 07:13,http://www.wildcad.net/WCCO-CRCopen.htm,ZENOBIA BENCH,Wildfire,Zenobia Bench,"Brush, ponderosa",0.1,"40 38.298, -108 50.886",POINT (-108.8481 40.6383)
0,06/25/2020 20:54,http://www.wildcad.net/WCCO-CRCopen.htm,SAND CANYON,Wildfire,Red Rock Bench,Pinion Juniper,0.1,"40 28.398, -108 55.938",POINT (-108.9323 40.4733)
0,06/25/2020 20:53,http://www.wildcad.net/WCCO-CRCopen.htm,RIM ROCK CANYON,Wildfire,Yampa Bench Road,Pinion Juniper,0.1,"40 28.908, -108 55.632",POINT (-108.9272 40.4818)
0,06/22/2020 14:03,http://www.wildcad.net/WCCO-CRCopen.htm,KINNEY,Wildfire,Kinney Creek,slash/lt timber,0.1,"40 8.292, -106 6.252",POINT (-106.1042 40.1382)
0,06/22/2020 12:10,http://www.wildcad.net/WCCO-CRCopen.htm,MESA,Wildfire,1 mile S of Craig,grass/brush,0.2,"40 29.160, -107 34.986",POINT (-107.5831 40.486)
0,06/14/2020 11:25,http://www.wildcad.net/WCCO-CRCopen.htm,KEYSTONE,Wildfire,Crooked wash,"Grass/brush, PJ",27,"40 13.620, -108 14.466",POINT (-108.2411 40.227)
0,06/05/2020 10:27,http://www.wildcad.net/WCCO-CRCopen.htm,DRIPPING ROCK,Wildfire,MM4 HWY 40,grass/brush,0.1,"40 14.586, -108 59.238",POINT (-108.9873 40.2431)
0,06/01/2020 11:29,http://www.wildcad.net/WCCO-CRCopen.htm,HUGHES,Wildfire,MFX CR57 MM10,p/j   g/b ,31,"40 21.216, -108 8.670",POINT (-108.1445 40.3536)
0,05/22/2020 14:54,http://www.wildcad.net/WCCO-CRCopen.htm,GOOD EYE BILL,Wildfire,Pumphouse Rec Area (CO-Grand),GRASS/BRUSH/PJ,0.1,"39 59.028, -106 29.694",POINT (-106.4949 39.9838)
0,04/30/2020 13:50,http://www.wildcad.net/WCCO-CRCopen.htm,WYMAN,Wildfire,Indian Run SWA,Grass/Brush/Oak Brus,455,"40 16.458, -107 25.980",POINT (-107.433 40.2743)
0,04/28/2020 17:25,http://www.wildcad.net/WCCO-CRCopen.htm,WHITE,Wildfire,Hammond Draw,grass/brush,5,"40 10.218, -108 35.814",POINT (-108.5969 40.1703)
0,04/07/2020 13:31,http://www.wildcad.net/WCCO-CRCopen.htm,LION,Wildfire,2-3 miles west of Meeker,"grass, brush, PJ",229,"40 2.268, -107 57.432",POINT (-107.9572 40.0378)
0,08/13/2020 13:48,http://www.wildcad.net/WCCO-FTCopen.htm,Cameron Peak,Wildfire,.,,208913,"40.6087, -105.8792",POINT (-105.8792 40.6087)
0,01/13/2021 10:34,http://www.wildcad.net/WCCO-GJCopen.htm,Triple Threat,Wildfire,.,.,0.1,"39 29.484, -106 8.460",POINT (-106.141 39.4914)
0,01/12/2021 09:19,http://www.wildcad.net/WCCO-GJCopen.htm,Middle Cut,Wildfire,.,.,0.1,"39 50.304, -106 24.270",POINT (-106.4045 39.8384)
0,01/11/2021 12:44,http://www.wildcad.net/WCCO-GJCopen.htm,Trail,Wildfire,North of Gypsum possibly off Trail Gulch Rd,4 - PJ,0.1,"39 41.730, -106 57.324",POINT (-106.9554 39.6955)
0,01/15/2021 11:00,http://www.wildcad.net/WCCOPBCopen.htm,Ft. Lyons,Wildfire,"Bent County, Ft. Lyon, CO","Grass, Brush, Cattai",1430,"38 4.986, -103 6.036",POINT (-103.1006 38.0831)
0,01/19/2021 16:41,http://www.wildcad.net/WCFL-FICopen.htm,Bilderback,Wildfire,06-0.9 N of Kathryn  In compartment 264,,2,"29 2.028, -81 29.640",POINT (-81.494 29.0338)
0,01/14/2021 12:48,http://www.wildcad.net/WCFL-FICopen.htm,Sherills Mill,Wildfire,Ocala NF,,4.41,"29 9.504, -81 53.982",POINT (-81.8997 29.1584)
0,01/11/2021 12:30,http://www.wildcad.net/WCFL-FICopen.htm,Amphitheater,Wildfire,.,,0.1,"25 8.214, -80 55.920",POINT (-80.932 25.1369)
0,01/08/2021 17:07,http://www.wildcad.net/WCFL-FICopen.htm,ADD21,Wildfire,.,,0.75,"26 14.670, -80 57.702",POINT (-80.96169999999999 26.2445)
0,12/31/2020 14:24,http://www.wildcad.net/WCFL-FICopen.htm,Brant 2,Wildfire,Ocala NF,,0.1,"29 8.166, -81 48.288",POINT (-81.8048 29.1361)
0,12/31/2020 13:00,http://www.wildcad.net/WCFL-FICopen.htm,Pin Fish,Wildfire,In front of Oasis Vistor Center ,,0.1,"25 51.432, -81 2.022",POINT (-81.0337 25.8572)
0,12/19/2020 15:05,http://www.wildcad.net/WCFL-FICopen.htm,20024 SW 168th St Mutual Aid,Wildfire,Mutual Aid Zone Everglades NP,,1,"25 36.276, -80 30.990",POINT (-80.51649999999999 25.6046)
0,11/29/2020 17:29,http://www.wildcad.net/WCFL-FICopen.htm,Norwalk,Wildfire,Putnam County,,0.76,"29 25.158, -81 43.338",POINT (-81.7223 29.4193)
0,11/09/2020 11:36,http://www.wildcad.net/WCFL-FICopen.htm,Wild Cat 2,Wildfire,Near Pittman Visitor Center,,0.1,"29 8.598, -81 37.758",POINT (-81.6293 29.1433)
0,07/27/2020 18:20,http://www.wildcad.net/WCFL-FICopen.htm,280,Wildfire,Osceola NF,,6.3,"30 33.864, -82 27.462",POINT (-82.4577 30.5644)
0,11/18/2020 16:52,http://www.wildcad.net/WCGAGICopen.htm,West Armuchee Assist,Wildfire,.,.,1.5,"34 37.482, -85 11.856",POINT (-85.19759999999999 34.6247)
0,11/16/2020 11:04,http://www.wildcad.net/WCGAGICopen.htm,Stover Creek #2,Wildfire,.,.,0.36,"34 40.422, -85 1.392",POINT (-85.0232 34.6737)
0,11/16/2020 11:03,http://www.wildcad.net/WCGAGICopen.htm,Stover Creek #1,Wildfire,.,.,10,"34 40.362, -85 1.362",POINT (-85.0227 34.6727)
0,11/05/2020 14:40,http://www.wildcad.net/WCGAGICopen.htm,Hills City,Wildfire,.,.,58,"34 35.166, -85 1.386",POINT (-85.0231 34.5861)
0,11/04/2020 15:52,http://www.wildcad.net/WCGAGICopen.htm,Rich Mountain,Wildfire,Rich Mountain,.,0.5,"34 45.000, -84 22.500",POINT (-84.375 34.75)
0,11/06/2020 13:31,http://www.wildcad.net/WCIDEICopen.htm,Swan Lake,Wildfire,.,Grass/brush/timber,219,"42 23.328, -111 56.400",POINT (-111.94 42.3888)
0,01/04/2021 10:24,http://www.wildcad.net/WCKY-KICopen.htm,Jailhouse Rock,Wildfire,Jailhouse Rock,,1,"37.8332, -83.6967",POINT (-83.69670000000001 37.8332)
0,12/14/2020 11:38,http://www.wildcad.net/WCKY-KICopen.htm,Shanklin ,Wildfire,.,,0.1,"36.8084, -87.9903",POINT (-87.9903 36.8084)
0,11/28/2020 22:05,http://www.wildcad.net/WCKY-KICopen.htm,Liberty,Wildfire,.,,0.1,"36.7437, -84.3669",POINT (-84.3669 36.7437)
0,11/20/2020 18:03,http://www.wildcad.net/WCKY-KICopen.htm,Wild Dog,Wildfire,Wild Dog Creek,,22,"37.4791, -83.8622",POINT (-83.8622 37.4791)
0,11/20/2020 10:45,http://www.wildcad.net/WCKY-KICopen.htm,Tar Ridge,Wildfire,.,,.,"37.9035, -83.6019",POINT (-83.6019 37.9035)
0,11/19/2020 15:05,http://www.wildcad.net/WCKY-KICopen.htm,Hughes Fork,Wildfire,.,,5,"37.4328, -83.9004",POINT (-83.9004 37.4328)
0,11/19/2020 13:21,http://www.wildcad.net/WCKY-KICopen.htm,Boone's Bend,Wildfire,"Big Creek QUAD, Redbird",,0.64,"37.2076, -83.6246",POINT (-83.6246 37.2076)
0,11/19/2020 12:31,http://www.wildcad.net/WCKY-KICopen.htm,Apple Tree,Wildfire,Pigskin Rd,,4,"36.7044, -84.4470",POINT (-84.447 36.7044)
0,11/18/2020 06:46,http://www.wildcad.net/WCKY-KICopen.htm,Hens Nest,Wildfire,Peeled Dogwood,,3,"36.7456, -84.4062",POINT (-84.4062 36.7456)
0,11/18/2020 06:46,http://www.wildcad.net/WCKY-KICopen.htm,Spring,Wildfire,Peeled Dogwood,,0.1,"36.7475, -84.3937",POINT (-84.3937 36.7475)
0,11/16/2020 04:18,http://www.wildcad.net/WCKY-KICopen.htm,Peeled Dogwood,Wildfire,Peeled Dogwood,,9.5,"36.7452, -84.3936",POINT (-84.39360000000001 36.7452)
0,11/15/2020 07:50,http://www.wildcad.net/WCKY-KICopen.htm,Kilburn,Wildfire,N. Bee Rock Rd,,0.7,"36.8447, -84.4148",POINT (-84.4148 36.8447)
0,11/10/2020 13:44,http://www.wildcad.net/WCKY-KICopen.htm,Indian Creek,Wildfire,Indian Creek,,0.1,"38.3114, -83.5726",POINT (-83.57259999999999 38.3114)
0,11/09/2020 23:30,http://www.wildcad.net/WCKY-KICopen.htm,Marsh,Wildfire,Sand Hill/Indian Rd,,2,"36.7891, -84.3774",POINT (-84.37739999999999 36.7891)
0,11/09/2020 19:29,http://www.wildcad.net/WCKY-KICopen.htm,Little Bullskin Creek,Wildfire,Little Bullskin,,27,"37.2753, -83.5989",POINT (-83.5989 37.2753)
0,11/07/2020 11:26,http://www.wildcad.net/WCKY-KICopen.htm,Pigskin,Wildfire,.,,1.5,"36.7017, -84.4506",POINT (-84.45059999999999 36.7017)
0,03/26/2020 13:26,http://www.wildcad.net/WCKY-KICopen.htm,Pumpkin Hollow,Wildfire,Pumpkin Hollow Rd,,0.1,"37.9124, -83.7400",POINT (-83.73999999999999 37.9124)
0,11/15/2020 16:04,http://www.wildcad.net/WCLALICopen.htm,Western Hills,Wildfire,west hills drive burn unit 11  end of 286N ,grass/ heavy timber,2,"31 15.774, -92 40.836",POINT (-92.6806 31.2629)
0,11/14/2020 09:27,http://www.wildcad.net/WCLALICopen.htm,Wild Azalea ,Wildfire,.,.,.,"31 11.652, -92 36.234",POINT (-92.6039 31.1942)
0,01/15/2021 18:00,http://www.wildcad.net/WCMSMICopen.htm,Double Branch,Wildfire,Forrest County - FS RD 349,,1.5,"30 56.178, -89 18.120",POINT (-89.30200000000001 30.9363)
0,01/09/2021 09:22,http://www.wildcad.net/WCMSMICopen.htm,Pearces Creek,Wildfire,Perry County - N of Range 12 Camp Shelby,,23,"31 6.108, -89 5.598",POINT (-89.0933 31.1018)
0,01/04/2021 13:08,http://www.wildcad.net/WCMSMICopen.htm,Leftover,Wildfire,Stone County - South of Airey Lookout ,,1,"30 40.800, -89 4.074",POINT (-89.06789999999999 30.68)
0,01/02/2021 15:21,http://www.wildcad.net/WCMSMICopen.htm,Lonnie,Wildfire,Perry County - SW of Paret Lookout,,6.26,"31 4.062, -89 3.462",POINT (-89.0577 31.0677)
0,11/21/2020 17:30,http://www.wildcad.net/WCMT-BZCopen.htm,Cascade,Wildfire,Cascade Creek,Duff/deaddown/timber,0.1,"45 27.960, -110 32.484",POINT (-110.5414 45.466)
0,09/04/2020 15:01,http://www.wildcad.net/WCMT-BZCopen.htm, Bridger Foothills,Wildfire,North of M on the West side near foothill trails,Timber,8224,"45 43.152, -110 58.512",POINT (-110.9752 45.7192)
0,07/13/2020 15:15,http://www.wildcad.net/WCMT-DDCopen.htm,Trail 87,Wildfire,Delmo Lake Rd,grass//single tree,0.1,"45 55.488, -112 25.182",POINT (-112.4197 45.9248)
0,01/13/2021 16:48,http://www.wildcad.net/WCMT-HDCopen.htm,Bear Gulch,Wildfire,,,0.1,"46 34.572, -112 4.764",POINT (-112.0794 46.5762)
0,01/02/2021 15:36,http://www.wildcad.net/WCMT-HDCopen.htm,Little Wolf Cr,Wildfire,,,0.33,"47 3.534, -112 13.332",POINT (-112.2222 47.0589)
0,08/06/2020 19:35,http://www.wildcad.net/WCMT-HDCopen.htm,Fields Gulch,Wildfire,,,6,"46 51.738, -112 40.140",POINT (-112.669 46.8623)
0,01/13/2021 17:55,http://www.wildcad.net/WCMT-MCCopen.htm,Great Divide - Dawson,Wildfire,Dawson Co.,,3202,"47 20.496, -105 16.080",POINT (-105.268 47.3416)
0,01/13/2021 14:13,http://www.wildcad.net/WCMT-MCCopen.htm,Cap Rock,Wildfire,Garfield Co.,,378,"47 28.248, -107 40.380",POINT (-107.673 47.4708)
0,01/06/2021 12:45,http://www.wildcad.net/WCMT-MCCopen.htm,Big Red - Dawson,Wildfire,Dawson Co.,,1.9,"47 9.786, -104 59.268",POINT (-104.9878 47.1631)
0,01/02/2021 18:00,http://www.wildcad.net/WCMT-MCCopen.htm,White Horse,Wildfire,Garfield Co.,,5,"47 30.300, -106 56.190",POINT (-106.9365 47.505)
0,11/16/2020 10:38,http://www.wildcad.net/WCMT-MCCopen.htm,Straight Creek,Wildfire,Powder River Co.,,0.1,"45 41.394, -106 1.464",POINT (-106.0244 45.6899)
0,01/14/2021 06:36,http://www.wildcad.net/WCMTBDCopen.htm,North Delphia,Wildfire,.,"Grass, Brush, Timber",1000,"46 32.616, -108 15.270",POINT (-108.2545 46.5436)
0,01/13/2021 18:34,http://www.wildcad.net/WCMTBDCopen.htm,Oil Fields,Wildfire,"Big Horn, Co. MT","Grass, Brush",4,"45 16.692, -107 47.310",POINT (-107.7885 45.2782)
0,01/13/2021 15:36,http://www.wildcad.net/WCMTBDCopen.htm,Powerpole,Wildfire,.,Grass/Brush,1200,"46 19.980, -107 23.988",POINT (-107.3998 46.333)
0,01/02/2021 13:32,http://www.wildcad.net/WCMTBDCopen.htm,War Man Loop,Wildfire,Big Horn Co. MT,Light-Grass,0.1,"45 20.646, -107 50.616",POINT (-107.8436 45.3441)
0,01/14/2021 16:33,http://www.wildcad.net/WCNDNDCopen.htm,Windy,Wildfire,10 Miles NW of Lemmon SD,FM 3 & 9 ,20000,"46.0026, -102.3431",POINT (-102.3431 46.0026)
0,12/07/2020 14:30,http://www.wildcad.net/WCNDNDCopen.htm,Mouse Park,Wildfire,.,.,11.7,"48.7925, -101.7886",POINT (-101.7886 48.7925)
0,12/04/2020 12:00,http://www.wildcad.net/WCNDNDCopen.htm,Seekin WPA,Wildfire,.,.,0.5,"47.0158, -99.3592",POINT (-99.3592 47.0158)
0,09/26/2020 14:09,http://www.wildcad.net/WCNH-NECopen.htm,Campsite 16,Wildfire,"Bondcliff Trail, Pemi Wild, near EB Pemi River & Black Brook",,0.1,"44.1113, -71.5391",POINT (-71.5391 44.1113)
0,01/10/2021 12:00,http://www.wildcad.net/WCNM-ABCopen.htm,SWAMP,Wildfire,ISLETA,,3.92,"34 52.272, -106 43.332",POINT (-106.7222 34.8712)
0,01/08/2021 15:05,http://www.wildcad.net/WCNM-ABCopen.htm,VACA,Wildfire,94 ENTRADA ARAGON,,6,"34 44.778, -106 42.828",POINT (-106.7138 34.7463)
0,01/08/2021 10:30,http://www.wildcad.net/WCNM-ABCopen.htm,GREASY HILL,Wildfire,EAST OF GREASY HILL,,0.1,"35 3.240, -108 50.718",POINT (-108.8453 35.054)
0,12/31/2020 20:45,http://www.wildcad.net/WCNM-ABCopen.htm,WEST DINO,Wildfire,HWY 53 WEST OF SINCLAIR GAS STATION,,0.1,"35 4.284, -108 50.514",POINT (-108.8419 35.0714)
0,12/23/2020 12:00,http://www.wildcad.net/WCNM-ABCopen.htm,PINE MEADOWS,Wildfire,.,,0.25,"34 58.938, -108 19.836",POINT (-108.3306 34.9823)
0,12/23/2020 10:30,http://www.wildcad.net/WCNM-ABCopen.htm,RIVER ROAD,Wildfire,N of Cheyenne OK,,0.5,"35 38.370, -99 42.258",POINT (-99.7043 35.6395)
0,01/14/2021 06:06,http://www.wildcad.net/WCNM-ADCopen.htm,WINDMILL,Wildfire,Windmill,,0.1,"33 12.534, -105 42.324",POINT (-105.7054 33.2089)
0,01/04/2021 10:06,http://www.wildcad.net/WCNM-ADCopen.htm,LOWER CANCEL,Wildfire,LOWER CANCEL,,0.25,"32 24.666, -104 13.140",POINT (-104.219 32.4111)
0,01/04/2021 07:51,http://www.wildcad.net/WCNM-ADCopen.htm,WYNDHAM,Wildfire,HWY 82 MM 31,,0.25,"32 54.828, -105 32.958",POINT (-105.5493 32.9138)
0,01/01/2021 15:25,http://www.wildcad.net/WCNM-ADCopen.htm,PALMER ,Wildfire,.,,0.06,"33 16.236, -105 42.606",POINT (-105.7101 33.2706)
0,12/28/2020 13:42,http://www.wildcad.net/WCNM-ADCopen.htm,JANICE ,Wildfire,JANICE RD & ALEUT RD,,1.5,"33 21.330, -104 14.010",POINT (-104.2335 33.3555)
0,11/14/2020 14:49,http://www.wildcad.net/WCNM-ADCopen.htm,ENCINO,Wildfire,ENCINO AREA,,42,"33 15.240, -105 29.220",POINT (-105.487 33.254)
0,08/04/2020 11:30,http://www.wildcad.net/WCNM-ADCopen.htm,HOT SPRINGS 2020,Wildfire,RIO GRANDE,,10,"29 10.416, -102 59.784",POINT (-102.9964 29.1736)
0,07/17/2020 19:00,http://www.wildcad.net/WCNM-ADCopen.htm,SUE PEAK,Wildfire,SUE PEAK,,644,"29 25.512, -102 59.094",POINT (-102.9849 29.4252)
0,12/28/2020 19:38,http://www.wildcad.net/WCNM-SDCopen.htm,Sugar Sand,Wildfire,Highway 187 MM19,,1.5,"32 52.134, -107 18.132",POINT (-107.3022 32.8689)
0,10/24/2020 21:13,http://www.wildcad.net/WCNM-SFCopen.htm,Boundary  ,Wildfire,Near FR 315 and FR 144,Logs/Duff,0.1,"36.0159, -106.6156",POINT (-106.6156 36.0159)
0,10/21/2020 09:16,http://www.wildcad.net/WCNM-SFCopen.htm,Papas,Wildfire,HWY 550 MM 53,"Oak Brush, PJ, Pondo",0.1,"35.8777, -106.8929",POINT (-106.8929 35.8777)
0,10/18/2020 09:25,http://www.wildcad.net/WCNM-SFCopen.htm,Pedro,Wildfire,Near FR 315,G PP Mixed Con,2,"36.0228, -106.6510",POINT (-106.651 36.0228)
0,10/11/2020 20:41,http://www.wildcad.net/WCNM-SFCopen.htm,Vacas,Wildfire,Near San Gregorio Resevoir,Grass Mix Fir,0.1,"36.0233, -106.8508",POINT (-106.8508 36.0233)
0,10/11/2020 16:37,http://www.wildcad.net/WCNM-SFCopen.htm,South Pasture,Wildfire,Near Pecos Natl Historic Park,Cottonwood PJ Grass,1.5,"35.5239, -105.6605",POINT (-105.6605 35.5239)
0,10/03/2020 16:58,http://www.wildcad.net/WCNM-SFCopen.htm,Saturday,Wildfire,Dalton Canyon Road,Logs/Duff,0.1,"35.6683, -105.7056",POINT (-105.7056 35.6683)
0,09/20/2020 14:41,http://www.wildcad.net/WCNM-SFCopen.htm,Fork Mesa,Wildfire,FRd 376,Logs/Duff,0.1,"35.8659, -106.7081",POINT (-106.7081 35.8659)
0,09/14/2020 12:45,http://www.wildcad.net/WCNM-SFCopen.htm,San Miguel,Wildfire,FR 20,Loggs/Duff,0.1,"35.9051, -106.8986",POINT (-106.8986 35.9051)
0,09/11/2020 12:15,http://www.wildcad.net/WCNM-SFCopen.htm,65,Wildfire,Hwy 4 mm65,Grass and Sage ,0.1,"35.8401, -106.2080",POINT (-106.208 35.8401)
0,09/08/2020 13:21,http://www.wildcad.net/WCNM-SFCopen.htm,Johns Canyon,Wildfire,.,Mix Con/Aspen,0.1,"35.8294, -105.5220",POINT (-105.522 35.8294)
0,09/07/2020 15:35,http://www.wildcad.net/WCNM-SFCopen.htm,Tract,Wildfire,Links Tract Campground,Logs/Duff,0.1,"35.7565, -105.6629",POINT (-105.6629 35.7565)
0,09/06/2020 15:01,http://www.wildcad.net/WCNM-SFCopen.htm,NonStat SR 126 #32,Wildfire,off HWy 126,.,.,"35.9462, -106.7127",POINT (-106.7127 35.9462)
0,09/06/2020 13:16,http://www.wildcad.net/WCNM-SFCopen.htm,604,Wildfire,FRd 604,PP,0.1,"35.8509, -106.6917",POINT (-106.6917 35.8509)
0,09/06/2020 12:45,http://www.wildcad.net/WCNM-SFCopen.htm,Grande,Wildfire,Near Rowe Mesa,Grass and PP,4.6,"35.3664, -105.5639",POINT (-105.5639 35.3664)
0,09/06/2020 10:41,http://www.wildcad.net/WCNM-SFCopen.htm,Link,Wildfire,Links CG,Logs/Duff,0.1,"35.7561, -105.6620",POINT (-105.662 35.7561)
0,09/06/2020 09:19,http://www.wildcad.net/WCNM-SFCopen.htm,Oso Road,Wildfire,Near Rincon Mtns,.,0.1,"36.0667, -105.3265",POINT (-105.3265 36.0667)
0,08/23/2020 18:04,http://www.wildcad.net/WCNM-SFCopen.htm,Caja,Wildfire,W of Santa Fe,PJ,158,"35.6692, -106.2134",POINT (-106.2134 35.6692)
0,08/17/2020 19:07,http://www.wildcad.net/WCNM-SFCopen.htm,Medio,Wildfire,.,oak/pine/fir,4010,"35.8310, -105.8632",POINT (-105.8632 35.831)
0,08/10/2020 11:29,http://www.wildcad.net/WCNM-SFCopen.htm,Gallinas,Wildfire,.,PIne,3.8,"35.6495, -105.3022",POINT (-105.3022 35.6495)
0,01/05/2021 15:30,http://www.wildcad.net/WCNMTDCopen.htm,Hunting Lodge,Wildfire,Philmont Scout Ranch,,1,"36.4859, -105.0625",POINT (-105.0625 36.4859)
0,10/17/2020 19:11,http://www.wildcad.net/WCNMTDCopen.htm,Luna,Wildfire,"2 Miles NE of Chacon, NM ",,10142,"36.2642, -105.3396",POINT (-105.3396 36.2642)
0,11/05/2020 07:50,http://www.wildcad.net/WCNVCNCopen.htm,Teaspoon,Wildfire,.,,0.1,"38 24.378, -115 23.808",POINT (-115.3968 38.4063)
0,10/29/2020 12:55,http://www.wildcad.net/WCNVCNCopen.htm,52 ,Wildfire,"Approx. 25 miles south of Battle Mountain, Rec Pg 51 B12",,0.1,"40 18.318, -117 4.566",POINT (-117.0761 40.3053)
0,10/22/2020 16:34,http://www.wildcad.net/WCNVCNCopen.htm,MM 55,Wildfire,"Approx 55 miles east of Tonopah, Rec Pg 68 F6",,0.1,"38 13.962, -116 20.250",POINT (-116.3375 38.2327)
0,10/05/2020 11:15,http://www.wildcad.net/WCNVCNCopen.htm,Toquima CG 1,Wildfire,"Approx 21 miles east of Kingston, Rec Pg 60 D3",,0.1,"39 11.244, -116 47.178",POINT (-116.7863 39.1874)
0,09/19/2020 12:23,http://www.wildcad.net/WCNVCNCopen.htm,Mau,Wildfire,"Approx. 31 miles N of Eureka, Rec pg 53, D9",,0.1,"40 0.366, -115 52.596",POINT (-115.8766 40.0061)
0,08/26/2020 14:24,http://www.wildcad.net/WCNVCNCopen.htm,Bartines,Wildfire,"Approx 33 miles west of Eureka, Rec Pg 60 5A",,0.1,"39 30.936, -116 24.168",POINT (-116.4028 39.5156)
0,08/09/2020 06:25,http://www.wildcad.net/WCNVCNCopen.htm,Crippen,Wildfire,"24 miles south of Battle Mountain NV, Rec Page 52 - A2",,8.81,"40 23.940, -116 55.710",POINT (-116.9285 40.399)
0,01/20/2021 17:08,http://www.wildcad.net/WCNVSFCopen.htm,Ray,Wildfire,Ray May Way/395,.,.,"38 50.940, -119 38.742",POINT (-119.6457 38.849)
0,01/20/2021 06:15,http://www.wildcad.net/WCNVSFCopen.htm,Pawnee,Wildfire,.,.,.,"39 20.130, -119 47.226",POINT (-119.7871 39.3355)
0,01/12/2021 08:37,http://www.wildcad.net/WCNVSFCopen.htm,Llewellyn ,Wildfire,LLewellynXSiguaro Dr,.,.,"39 34.584, -119 46.272",POINT (-119.7712 39.5764)
0,01/10/2021 11:47,http://www.wildcad.net/WCNVSFCopen.htm,Van Sickle,Wildfire,Van Sickle Park,.,0.1,"38 57.348, -119 56.166",POINT (-119.9361 38.9558)
0,12/11/2020 10:22,http://www.wildcad.net/WCNVSFCopen.htm,Summit One,Wildfire,Dog Valley (CA-Sierra),"Vehicle, brush ",0.1,"39 32.952, -120 2.568",POINT (-120.0428 39.5492)
0,11/17/2020 12:09,http://www.wildcad.net/WCNVSFCopen.htm,Mountain View,Wildfire,Walker area Powerline down with a brush fire.,Grass/ Brush,20385,"38 30.906, -119 27.918",POINT (-119.4653 38.5151)
0,10/30/2020 09:18,http://www.wildcad.net/WCNVSFCopen.htm,Desert Creek Camp Fire,Wildfire,Desert Creek,.,.,"38 39.408, -119 19.530",POINT (-119.3255 38.6568)
0,10/10/2020 15:45,http://www.wildcad.net/WCNVSFCopen.htm,Beach 4,Wildfire,Lahontan ,.,0.1,"39 21.954, -119 10.374",POINT (-119.1729 39.3659)
0,08/27/2020 15:52,http://www.wildcad.net/WCNVSFCopen.htm,Summer,Wildfire,Lower Summers Meadows [CA-Mono],.,0.1,"38 11.292, -119 15.534",POINT (-119.2589 38.1882)
0,11/23/2020 10:30,http://www.wildcad.net/WCOR-BICopen.htm,Horton,Wildfire,Horton Mill ,.,0.1,"43 42.048, -119 14.862",POINT (-119.2477 43.7008)
0,10/26/2020 10:48,http://www.wildcad.net/WCOR-BICopen.htm,RADAR,Wildfire,.,.,0.1,"43 33.750, -119 9.012",POINT (-119.1502 43.5625)
0,01/13/2021 08:11,http://www.wildcad.net/WCOR-COCopen.htm,0016 NE,Wildfire,LAPINE ,,0.1,"43 38.736, -121 28.362",POINT (-121.4727 43.6456)
0,09/18/2020 15:10,http://www.wildcad.net/WCOR-EICopen.htm,487 NOD,Wildfire,,"rp, hvy down t",0.1,"44 38.646, -122 27.546",POINT (-122.4591 44.6441)
0,09/15/2020 16:54,http://www.wildcad.net/WCOR-EICopen.htm,481 CC,Wildfire,,Duffy log,0.1,"43 49.314, -124 8.640",POINT (-124.144 43.8219)
0,09/15/2020 13:32,http://www.wildcad.net/WCOR-EICopen.htm,Carter CC,Wildfire,,"Grass, Brush, Timber",0.2,"43 51.312, -124 8.712",POINT (-124.1452 43.8552)
0,09/07/2020 20:17,http://www.wildcad.net/WCOR-EICopen.htm,Holiday Farm ,Wildfire,,"Re-prod, Timber",173393,"44 10.320, -122 13.866",POINT (-122.2311 44.172)
0,09/07/2020 13:10,http://www.wildcad.net/WCOR-EICopen.htm,423 ODF,Wildfire,,lt timber,0.1,"43 41.754, -122 22.836",POINT (-122.3806 43.6959)
0,08/30/2020 14:33,http://www.wildcad.net/WCOR-EICopen.htm,386 ODF,Wildfire,,.,10,"44 1.698, -123 52.722",POINT (-123.8787 44.0283)
0,08/28/2020 22:57,http://www.wildcad.net/WCOR-EICopen.htm,368 MR,Wildfire,,.,.,"44 10.614, -122 10.194",POINT (-122.1699 44.1769)
0,08/24/2020 22:27,http://www.wildcad.net/WCOR-EICopen.htm,354 SRZ,Wildfire,,"B, t, d,l",0.25,"44 42.960, -122 7.260",POINT (-122.121 44.716)
0,08/17/2020 14:24,http://www.wildcad.net/WCOR-EICopen.htm,316 SRZ,Wildfire,,"b, t, d",0.1,"44 41.658, -122 14.172",POINT (-122.2362 44.6943)
0,08/16/2020 11:18,http://www.wildcad.net/WCOR-EICopen.htm,Beachie Creek,Wildfire,,"timber, brush",193573,"44 49.266, -122 11.280",POINT (-122.188 44.8211)
0,08/13/2020 17:27,http://www.wildcad.net/WCOR-EICopen.htm,Tenmile ODF,Wildfire,,"Brush, Heavy timber",2.7,"44 13.488, -124 6.450",POINT (-124.1075 44.2248)
0,08/03/2020 18:51,http://www.wildcad.net/WCOR-EICopen.htm,240 SRZ,Wildfire,,Duff,0.1,"44 46.752, -121 59.670",POINT (-121.9945 44.7792)
0,08/02/2020 12:27,http://www.wildcad.net/WCOR-EICopen.htm,Lakeside CC,Wildfire,,"Brush, grass, timber",0.19,"43 34.626, -124 11.016",POINT (-124.1836 43.5771)
0,07/31/2020 16:15,http://www.wildcad.net/WCOR-EICopen.htm,227 NOD,Wildfire,,"Timber, Brush, Slash",2.5,"44 45.186, -122 30.540",POINT (-122.509 44.7531)
0,07/07/2020 16:36,http://www.wildcad.net/WCOR-EICopen.htm,NFCA Overlook 2 NOD,Wildfire,,.,.,"44 11.040, -123 0.102",POINT (-123.0017 44.184)
0,07/07/2020 16:31,http://www.wildcad.net/WCOR-EICopen.htm,NFCA Overlook 1 NOD,Wildfire,,.,.,"44 10.974, -123 0.300",POINT (-123.005 44.1829)
0,05/30/2020 20:40,http://www.wildcad.net/WCOR-EICopen.htm, Stell Creek NOD,Wildfire,,single tree,0.1,"43 36.978, -122 55.890",POINT (-122.9315 43.6163)
0,05/05/2020 09:26,http://www.wildcad.net/WCOR-EICopen.htm,072 NOD,Wildfire,,.,.,"43 41.646, -122 56.376",POINT (-122.9396 43.6941)
0,09/08/2020 08:30,http://www.wildcad.net/WCOR-RICCopen.htm,Thielsen,Wildfire,5 miles from Crater Lake National Park. OR,,9975,"43 9.618, -122 4.188",POINT (-122.0698 43.1603)
0,09/08/2020 07:37,http://www.wildcad.net/WCOR-RICCopen.htm,Archie Creek,Wildfire,Williams Creek Trail [OR-Douglas],,131542,"43 20.034, -122 47.286",POINT (-122.7881 43.3339)
0,01/13/2021 03:48,http://www.wildcad.net/WCORBMCopen.htm,William Lane,Wildfire,.,grass,0.1,"45 40.194, -118 42.642",POINT (-118.7107 45.6699)
0,12/20/2020 12:48,http://www.wildcad.net/WCORBMCopen.htm,Rain Water,Wildfire,.,.,0.1,"45 37.812, -118 40.620",POINT (-118.677 45.6302)
0,11/23/2020 20:50,http://www.wildcad.net/WCORBMCopen.htm,Cowpie,Wildfire,.,"Grass, Timber",0.1,"45 30.414, -118 42.162",POINT (-118.7027 45.5069)
0,11/16/2020 15:52,http://www.wildcad.net/WCORBMCopen.htm,Titanic,Wildfire,.,"Grass, brush",0.3,"45 40.830, -118 27.462",POINT (-118.4577 45.6805)
0,11/13/2020 07:59,http://www.wildcad.net/WCORBMCopen.htm,Spring Creek Rd,Wildfire,.,Grass,0.1,"45 31.914, -118 42.528",POINT (-118.7088 45.5319)
0,11/09/2020 13:24,http://www.wildcad.net/WCORBMCopen.htm,Inc 1440,Wildfire,"WWF, Middle Willow Cr, 13 Miles SSE, Unity, OR",.,.,"44 16.062, -118 8.544",POINT (-118.1424 44.2677)
0,11/05/2020 11:23,http://www.wildcad.net/WCORBMCopen.htm,Wade Gulch,Wildfire,"WAL ODF, Enterprise area, 1 mile NW Enterprise, OR",Grass / Hay,.1,"45 26.598, -117 18.786",POINT (-117.3131 45.4433)
0,11/01/2020 16:19,http://www.wildcad.net/WCORBMCopen.htm,Tias Road ,Wildfire,.,"Grass, Brush",6.7,"45 34.398, -118 39.102",POINT (-118.6517 45.5733)
0,10/29/2020 17:36,http://www.wildcad.net/WCORBMCopen.htm,Little,Wildfire,Off the 1140 rd,.,.,"44 35.544, -117 57.390",POINT (-117.9565 44.5924)
0,10/28/2020 16:54,http://www.wildcad.net/WCORBMCopen.htm,Little muddy creek ,Wildfire,.,"Grass, Timber ",1.35,"44 56.430, -118 3.876",POINT (-118.0646 44.9405)
0,10/28/2020 16:43,http://www.wildcad.net/WCORBMCopen.htm,Forshey ,Wildfire,.,Grass timber,8,"44 54.390, -117 25.038",POINT (-117.4173 44.9065)
0,10/28/2020 14:54,http://www.wildcad.net/WCORBMCopen.htm,Goose Lake ,Wildfire,.,"Grass, Timber",0.25,"44 54.456, -117 25.584",POINT (-117.4264 44.9076)
0,10/22/2020 12:00,http://www.wildcad.net/WCORBMCopen.htm,Burke Road,Wildfire,"BIA UMA, Cayuse & Burke Rd. Jct., 5 Miles West of Mission, OR",Grass,0.1,"45 39.642, -118 33.492",POINT (-118.5582 45.6607)
0,10/09/2020 10:24,http://www.wildcad.net/WCORBMCopen.htm,Elk camp ,Wildfire,"GRFZ, Ray Creek Area, 20 Miles West of La Grande, OR ",Grass and Stump,0.1,"45 15.138, -118 33.186",POINT (-118.5531 45.2523)
0,10/09/2020 09:04,http://www.wildcad.net/WCORBMCopen.htm,Conner RD ,Wildfire,"BIA UMA, Emigrant Hill Area, 7 Miles SE of Pendleton, OR",Grass,0.1,"45 35.418, -118 41.010",POINT (-118.6835 45.5903)
0,09/24/2020 11:39,http://www.wildcad.net/WCORBMCopen.htm,Tamarack loop ,Wildfire,"BIA UMA, Mission Area, 1 Mile East of Mission, OR ",Grass,0.1,"45 39.912, -118 39.312",POINT (-118.6552 45.6652)
0,09/19/2020 02:39,http://www.wildcad.net/WCORBMCopen.htm,IRW,Wildfire,"WFZ, Imnaha River Woods, 20 Miles East of Joseph, OR",Timber,0.3,"45 16.170, -116 47.760",POINT (-116.796 45.2695)
0,09/15/2020 07:28,http://www.wildcad.net/WCORBMCopen.htm,Cone ,Wildfire,"BIA UMA, I84 MP 217, 3 Miles South of Mission, OR",Grass,0.1,"45 37.728, -118 40.410",POINT (-118.6735 45.6288)
0,09/14/2020 07:46,http://www.wildcad.net/WCORBMCopen.htm,Hobby Road,Wildfire,"BIA UMA, County Road 937 Area, 3 Miles SE of Mission, OR",Grass,0.7,"45 38.334, -118 38.322",POINT (-118.6387 45.6389)
0,09/13/2020 12:38,http://www.wildcad.net/WCORBMCopen.htm,Petes Point,Wildfire,"WFZ, Six Mile Meadow Area, 10 Miles South of Joseph, OR",Timber,0.1,"45 11.670, -117 14.766",POINT (-117.2461 45.1945)
0,09/05/2020 04:43,http://www.wildcad.net/WCORBMCopen.htm,River bank,Wildfire,"BIA UMA, Cayuse Road Area, 12 Miles East of Pendlteon, OR","Grass, Brush",0.1,"45 40.818, -118 31.356",POINT (-118.5226 45.6803)
0,08/30/2020 19:08,http://www.wildcad.net/WCORBMCopen.htm,Mission Road,Wildfire,"BIA UMA, Munra Area, 3 Miles East of Pendleton, OR",Grass,0.1,"45 40.020, -118 44.292",POINT (-118.7382 45.667)
0,08/21/2020 14:20,http://www.wildcad.net/WCORBMCopen.htm,Eagle,Wildfire,"BIA UMA. Thorn Hollow Grade area. 7 miles S of Weston, OR.",Grass,0.1,"45 43.902, -118 26.184",POINT (-118.4364 45.7317)
0,08/19/2020 17:00,http://www.wildcad.net/WCORBMCopen.htm,Buzzard,Wildfire,"WWRD, Buzzard Creek Area, 19 Miles North of Elgin, OR","Grass, Timber, Slash",6.5,"45 49.662, -117 54.816",POINT (-117.9136 45.8277)
0,08/19/2020 15:57,http://www.wildcad.net/WCORBMCopen.htm,Ensign,Wildfire,"PDT ODF, Ensign Creek Area, 25 Miles SE of Pendleton, OR","Grass, Timber",23,"45 21.516, -118 30.534",POINT (-118.5089 45.3586)
0,08/19/2020 15:04,http://www.wildcad.net/WCORBMCopen.htm,Horse,Wildfire,"WWRD, Horse Ridge Area, 16 Miles West of Elgin",Grass & Timber ,40,"45 32.418, -118 15.408",POINT (-118.2568 45.5403)
0,08/19/2020 14:31,http://www.wildcad.net/WCORBMCopen.htm,Lady ,Wildfire,"WWRD, Lady Springs Area, 10 Miles North of Elgin, OR",Grass Timber,0.25,"45 42.474, -117 57.756",POINT (-117.9626 45.7079)
0,08/19/2020 13:47,http://www.wildcad.net/WCORBMCopen.htm,Horseshoe Ridge,Wildfire,"WWRD, Horseshoe Ridge Area, 32 Miles SE of Pendleton, OR",.,3,"45 31.176, -118 17.592",POINT (-118.2932 45.5196)
0,08/19/2020 12:52,http://www.wildcad.net/WCORBMCopen.htm,Hager Ridge,Wildfire,"WWRD, Hager Ridge Area, 20 Miles NW of Elgin, OR",Grass & Timber,50,"45 43.656, -118 15.798",POINT (-118.2633 45.7276)
0,08/19/2020 11:56,http://www.wildcad.net/WCORBMCopen.htm,McCoy ,Wildfire,"LGD ODF, McIntyre Creek Area, 18 Miles West of La Grande, OR",Grass Timber ,2.53,"45 17.832, -118 27.030",POINT (-118.4505 45.2972)
0,08/19/2020 10:43,http://www.wildcad.net/WCORBMCopen.htm,874,Wildfire,"WWRD, Dusty Saddle Area, 13 Miles West of Elgin, OR",.,0.1,"45 36.318, -118 10.020",POINT (-118.167 45.6053)
0,08/19/2020 10:35,http://www.wildcad.net/WCORBMCopen.htm,Rattlesnake,Wildfire,"PRD, Tallow Flat Area, 20 Miles South of Pomeroy, WA",Slash/Brush/Timber,497,"46 11.634, -117 41.766",POINT (-117.6961 46.1939)
0,08/19/2020 08:52,http://www.wildcad.net/WCORBMCopen.htm,Cave,Wildfire,"PRD, Mud Springs Area, 25 Miles NW of Elgin, OR",Grass/Timber/Brush,8,"45 52.278, -117 38.760",POINT (-117.646 45.8713)
0,08/19/2020 05:38,http://www.wildcad.net/WCORBMCopen.htm,Alder Creek ,Wildfire,"WWRD, Lookout Mountain Area, 24 Miles NE of Wallowa, OR",Grass/Timber,12,"45 50.940, -117 46.176",POINT (-117.7696 45.849)
0,08/10/2020 11:27,http://www.wildcad.net/WCORBMCopen.htm,Dry Gulch ,Wildfire,"Vale BLM, New Bridge Road Area, 31 Miles East of Baker City, OR",Grass,297,"44 49.764, -117 13.056",POINT (-117.2176 44.8294)
0,07/03/2020 14:14,http://www.wildcad.net/WCORBMCopen.htm,Schoolcraft,Wildfire,"PDT ODF, Schoolcraft Creek, 15 Miles SW of Ukiah OR. ","Grass, Timber",95,"44 59.808, -119 7.650",POINT (-119.1275 44.9968)
0,01/14/2021 12:00,http://www.wildcad.net/WCPA-MACCopen.htm,510 Swanson Hollow Road,Wildfire,,,0.5,"38.4265, -82.3475",POINT (-82.3475 38.4265)
0,01/03/2021 14:59,http://www.wildcad.net/WCSC-SRFopen.htm,TRAILER 3 FIRE,Wildfire,,.,0.1,"33.4606, -81.9050",POINT (-81.905 33.4606)
0,11/17/2020 14:38,http://www.wildcad.net/WCSC-SRFopen.htm,ATTA 111720,Wildfire,, Grass,0.12,"33.3400, -81.5713",POINT (-81.57129999999999 33.34)
0,11/09/2020 13:58,http://www.wildcad.net/WCSC-SRFopen.htm,ATTA 110920,Wildfire,,.,0.75,"33.3373, -81.5666",POINT (-81.56659999999999 33.3373)
0,11/05/2020 14:17,http://www.wildcad.net/WCSC-SRFopen.htm,ATTA 110520,Wildfire,,Grass/Some Timber,3,"33.3385, -81.5675",POINT (-81.5675 33.3385)
0,01/14/2021 23:45,http://www.wildcad.net/WCSD-GPCopen.htm,Blue Jay CA,Wildfire,.,,0.1,"44 27.792, -100 21.354",POINT (-100.3559 44.4632)
0,01/14/2021 18:18,http://www.wildcad.net/WCSD-GPCopen.htm,Edgewater CA,Wildfire,Ft Pierre City Limits,,1,"44 21.204, -100 22.404",POINT (-100.3734 44.3534)
0,01/14/2021 11:10,http://www.wildcad.net/WCSD-GPCopen.htm,Pivot CA,Wildfire,.,,734,"44 30.432, -100 29.016",POINT (-100.4836 44.5072)
0,01/14/2021 10:43,http://www.wildcad.net/WCSD-GPCopen.htm,Hook,Wildfire,"Crook County, 9 miles NE of Hulett, WY",,12.6,"44 45.666, -104 26.760",POINT (-104.446 44.7611)
0,01/13/2021 17:58,http://www.wildcad.net/WCSD-GPCopen.htm,Datum Creek,Wildfire,Lawerence Co. 5miles NW of Spearfish,,1.06,"44 31.854, -103 59.304",POINT (-103.9884 44.5309)
0,01/12/2021 15:13,http://www.wildcad.net/WCSD-GPCopen.htm,Buffalo,Wildfire,"Custer County, 12 miles SE of Custer, SD",,1.26,"43 37.626, -103 26.358",POINT (-103.4393 43.6271)
0,12/23/2020 04:07,http://www.wildcad.net/WCSD-GPCopen.htm,American Center,Wildfire,"Custer County, 5 miles NE of Custer, SD",,50.26,"43 47.808, -103 30.402",POINT (-103.5067 43.7968)
0,01/18/2021 16:00,http://www.wildcad.net/WCTXTICopen.htm,One Stop,Wildfire,Intersection of Hwy 190 & FM 2500,Southern Rough,3,"30 43.092, -94 42.786",POINT (-94.7131 30.7182)
0,01/18/2021 14:55,http://www.wildcad.net/WCTXTICopen.htm,Wilderness,Wildfire,https://goo.gl/maps/m5Uugzv2TyguCBrr8,.,5,"31 27.684, -95 5.802",POINT (-95.0967 31.4614)
0,01/18/2021 12:45,http://www.wildcad.net/WCTXTICopen.htm,Colabe,Wildfire,1/2 mile south of Hwy 190,Southern Rough,4,"30 43.134, -94 41.190",POINT (-94.6865 30.7189)
0,01/17/2021 17:00,http://www.wildcad.net/WCTXTICopen.htm,Bridge ,Wildfire,"29 05 28,-95 17 07",.,40,"29 5.460, -95 17.112",POINT (-95.2852 29.091)
0,01/16/2021 18:30,http://www.wildcad.net/WCTXTICopen.htm,East Oyster Bayou,Wildfire,Texas Refuge WF,.,120,"29 36.882, -94 30.696",POINT (-94.5116 29.6147)
0,01/16/2021 12:45,http://www.wildcad.net/WCTXTICopen.htm,Picard RD,Wildfire,.,.,20,"29 41.628, -93 57.774",POINT (-93.9629 29.6938)
0,01/15/2021 15:38,http://www.wildcad.net/WCTXTICopen.htm,McLean Creek,Wildfire,Houston County,.,1,"31 31.074, -95 14.994",POINT (-95.2499 31.5179)
0,01/15/2021 15:17,http://www.wildcad.net/WCTXTICopen.htm,SA Tom Lowe Road,Wildfire,Sabine County,.,15,"31 22.800, -93 41.784",POINT (-93.6964 31.38)
0,01/08/2021 15:00,http://www.wildcad.net/WCTXTICopen.htm,WF Unit 1 North,Wildfire,Jefferson County,grass,350,"29 40.098, -94 12.792",POINT (-94.2132 29.6683)
0,12/28/2020 06:40,http://www.wildcad.net/WCTXTICopen.htm,Board,Wildfire,"Montgomery County, Scott Ridge Boat ramp",.,0.1,"30 27.174, -95 37.788",POINT (-95.6298 30.4529)
0,12/11/2020 12:56,http://www.wildcad.net/WCTXTICopen.htm,Bickley,Wildfire,Wise County,Grass,0.1,"33 19.998, -97 34.164",POINT (-97.5694 33.3333)
0,12/11/2020 12:39,http://www.wildcad.net/WCTXTICopen.htm,Deadman Road,Wildfire,"Dead Mans Rd, 1/2 mile from Hwy 69",Leaf Litter,0.1,"31 11.340, -94 26.694",POINT (-94.4449 31.189)
0,12/10/2020 18:29,http://www.wildcad.net/WCTXTICopen.htm,Sherwood II,Wildfire,.,.,0.4,"31 2.898, -94 15.108",POINT (-94.2518 31.0483)
0,12/10/2020 14:10,http://www.wildcad.net/WCTXTICopen.htm,Sherwood,Wildfire,Comp 87/Forest Service Rd 327,dry rough,62,"31 3.462, -94 15.402",POINT (-94.2567 31.0577)
0,01/20/2021 11:52,http://www.wildcad.net/WCUT-CDCopen.htm,Bulldog,Wildfire,1/2 mile south midvalley road on bulldog rd,Short grass,0.1,"37 45.660, -113 4.440",POINT (-113.074 37.761)
0,01/19/2021 16:10,http://www.wildcad.net/WCUT-CDCopen.htm,Mill Wash ,Wildfire,445 N. Creek Ridge Rd.,"Short/tall grass, br",1.5,"37 8.232, -113 31.134",POINT (-113.5189 37.1372)
0,01/14/2021 04:30,http://www.wildcad.net/WCUT-CDCopen.htm,Pocketville,Wildfire,Pocketville Road,Short grass,0.5,"37 12.450, -113 10.974",POINT (-113.1829 37.2075)
0,01/11/2021 15:47,http://www.wildcad.net/WCUT-CDCopen.htm,Spring Creek,Wildfire,Spring Creek,Short grass/Brush,0.25,"37 31.266, -113 10.986",POINT (-113.1831 37.5211)
0,01/08/2021 09:32,http://www.wildcad.net/WCUT-CDCopen.htm,Cottonwood Spring ,Wildfire,Glendale Bench,Med logging slash/br,0.25,"37 17.892, -112 34.290",POINT (-112.5715 37.2982)
0,01/19/2021 08:40,http://www.wildcad.net/WCUT-MFCopen.htm,Corral,Wildfire,Mustang Mesa,,0.1,"37 37.092, -109 23.550",POINT (-109.3925 37.6182)
0,01/18/2021 17:16,http://www.wildcad.net/WCUT-NUCopen.htm,McMillian Flat,Wildfire,3955 W Old Highway Rd Morgan,,0.1,"41 7.806, -111 46.686",POINT (-111.7781 41.1301)
0,01/15/2021 18:49,http://www.wildcad.net/WCUT-UBCopen.htm,Abbott,Wildfire,.,,0.1,"40 14.532, -110 13.122",POINT (-110.2187 40.2422)
0,01/14/2021 20:45,http://www.wildcad.net/WCVAVICopen.htm,Crisman,Wildfire,Crisman Hollow Road,Hardwood Litter,0.16,"38 38.898, -78 36.792",POINT (-78.61320000000001 38.6483)
0,11/20/2020 12:10,http://www.wildcad.net/WCVAVICopen.htm,Middle Mountain,Wildfire,Hwy 33 2 miles from WV border,Hardwood litter,5,"38 34.734, -79 8.904",POINT (-79.1484 38.5789)
0,11/18/2020 14:15,http://www.wildcad.net/WCVAVICopen.htm,Rifle Range,Wildfire,Hite Hollow (VA-Augusta),Hardwood Litter,105,"38 7.170, -79 20.736",POINT (-79.3456 38.1195)
0,04/20/2020 13:43,http://www.wildcad.net/WCWA-NDCopen.htm,GILES RD,Wildfire,SNOHOMISH CO - DARRINGTON - 46323 Giles Rd,Timber,3,"48 10.836, -122 9.444",POINT (-122.1574 48.1806)
0,01/13/2021 12:03,http://www.wildcad.net/WCWA-NECopen.htm,DEER CREEK,Wildfire,STEVENS COUNTY - DEER CREEK ROAD,SNAG,0.01,"48 7.662, -117 51.372",POINT (-117.8562 48.1277)
0,08/31/2020 08:02,http://www.wildcad.net/WCWA-PSCopen.htm,SILVERTON,Wildfire,NE SILVERTON,,0.1,"48 5.046, -121 33.414",POINT (-121.5569 48.0841)
0,08/16/2020 12:25,http://www.wildcad.net/WCWA-PSCopen.htm,Downey Creek,Wildfire,26 rd on Downey creek,,3166,"48 15.864, -121 12.624",POINT (-121.2104 48.2644)
0,07/29/2020 16:00,http://www.wildcad.net/WCWA-PSCopen.htm,East Beach Road,Wildfire,East Beach Road,,84,"48 5.616, -123 46.650",POINT (-123.7775 48.0936)
0,12/05/2020 06:00,http://www.wildcad.net/WCWA-SPCopen.htm,DOBBS KNOB,Wildfire,PIERCE CO - ELBE HILLS,SLASH BRUSH TIMB,16,"46 49.644, -122 10.680",POINT (-122.178 46.8274)
0,10/03/2020 11:23,http://www.wildcad.net/WCWACACopen.htm,5 Lakes ,Wildfire,"5 Lakes Road, near Buffalo Lakes",,0.1,"48.0824, -118.8752",POINT (-118.8752 48.0824)
0,09/20/2020 04:17,http://www.wildcad.net/WCWACACopen.htm,Camp Disautel #2,Wildfire,Camp Disautel Rd,,0.1,"48.3649, -119.2382",POINT (-119.2382 48.3649)
0,09/20/2020 02:39,http://www.wildcad.net/WCWACACopen.htm,Camp Disautel,Wildfire,Camp Disautel Rd,,0.1,"48.3648, -119.2382",POINT (-119.2382 48.3648)
0,09/17/2020 09:19,http://www.wildcad.net/WCWACACopen.htm,Hwy 155 MM 64,Wildfire,fire 1 mile east Moses Meadow Turnoff,,0.1,"48.3549, -119.2026",POINT (-119.2026 48.3549)
0,09/07/2020 10:12,http://www.wildcad.net/WCWACACopen.htm,Kewa Field,Wildfire,.,,11797,"48.1780, -118.2660",POINT (-118.266 48.178)
0,09/07/2020 09:27,http://www.wildcad.net/WCWACACopen.htm,Inchelium  Hiway,Wildfire,Inchelium Hwy,,19005,"48.3316, -118.1985",POINT (-118.1985 48.3316)
0,09/07/2020 09:09,http://www.wildcad.net/WCWACACopen.htm,Sleepy Hollow,Wildfire,Sleepy Hollow,,0.1,"48.3833, -119.4239",POINT (-119.4239 48.3833)
0,09/07/2020 08:59,http://www.wildcad.net/WCWACACopen.htm,Fry,Wildfire,.,,482,"48.2534, -118.3236",POINT (-118.3236 48.2534)
0,09/06/2020 21:42,http://www.wildcad.net/WCWACACopen.htm,Cold Springs ,Wildfire,Cold Springs,,189923,"48.3602, -119.4927",POINT (-119.4927 48.3602)
0,09/02/2020 00:15,http://www.wildcad.net/WCWACACopen.htm,9 Mile Creek,Wildfire,.,,0.5,"48.0693, -118.4664",POINT (-118.4664 48.0693)
0,09/01/2020 16:24,http://www.wildcad.net/WCWACACopen.htm,Lynx Creek,Wildfire,"Lynx Creek area
Lynx Creek area
Lynx Creek",,0.5,"48.3578, -118.2839",POINT (-118.2839 48.3578)
0,08/27/2020 10:29,http://www.wildcad.net/WCWACACopen.htm,Summit Trail,Wildfire,10 Miles North Twin Lakes,,0.1,"48.2937, -118.5182",POINT (-118.5182 48.2937)
0,08/25/2020 14:00,http://www.wildcad.net/WCWACACopen.htm,Fish Hatchery,Wildfire,By Fish Hachery at Bridgport,,0.2373,"48.0002, -119.6357",POINT (-119.6357 48.0002)
0,08/23/2020 12:58,http://www.wildcad.net/WCWACACopen.htm,Eastside Park,Wildfire,"Omak, WA",,0.1,"48.4083, -119.5175",POINT (-119.5175 48.4083)
0,08/15/2020 14:32,http://www.wildcad.net/WCWACACopen.htm,Fifer Car Fire,Wildfire,48.289194   118.262806,,0.1,"48.2892, -118.2628",POINT (-118.2628 48.2892)
0,08/10/2020 20:15,http://www.wildcad.net/WCWACACopen.htm,Hwy 155 MM 78,Wildfire,near MM 78 Omak,,0.1,"48.3902, -119.4833",POINT (-119.4833 48.3902)
0,08/09/2020 13:36,http://www.wildcad.net/WCWACACopen.htm,Lower Coyote Creek,Wildfire,Lower Coyote Road,,2582,"48.1423, -119.0905",POINT (-119.0905 48.1423)
0,08/07/2020 08:04,http://www.wildcad.net/WCWACACopen.htm,Bigfoot,Wildfire,.,,0.1,"48.2666, -119.1363",POINT (-119.1363 48.2666)
0,08/03/2020 10:59,http://www.wildcad.net/WCWACACopen.htm,Owhi Campfire,Wildfire,last camp on east side of Owhi lake,,0.1,"48.2395, -118.8961",POINT (-118.8961 48.2395)
0,07/31/2020 07:29,http://www.wildcad.net/WCWACACopen.htm,HorseShoe Pits ,Wildfire,Inchelium HorseShoe Pits ,,0.1,"48.3045, -118.2080",POINT (-118.208 48.3045)
0,07/30/2020 07:26,http://www.wildcad.net/WCWACACopen.htm,Kartar,Wildfire,.,,2.35,"48.2270, -119.2862",POINT (-119.2862 48.227)
0,07/29/2020 19:17,http://www.wildcad.net/WCWACACopen.htm,2nd HUD,Wildfire,.,,0.1,"48.4326, -119.4609",POINT (-119.4609 48.4326)
0,07/27/2020 17:08,http://www.wildcad.net/WCWACACopen.htm,A Street,Wildfire,.,,0.1,"48.1687, -118.9707",POINT (-118.9707 48.1687)
0,07/24/2020 16:59,http://www.wildcad.net/WCWACACopen.htm,Six Mile Island,Wildfire,.,,0.5,"47.9735, -118.3661",POINT (-118.3661 47.9735)
0,07/23/2020 14:40,http://www.wildcad.net/WCWACACopen.htm,Greenhouse,Wildfire,.,,5320,"48.1365, -119.0377",POINT (-119.0377 48.1365)
0,07/20/2020 04:17,http://www.wildcad.net/WCWACACopen.htm,Rogers Bar Camp 4,Wildfire,.,,0.1,"48.0560, -118.2817",POINT (-118.2817 48.056)
0,07/18/2020 13:04,http://www.wildcad.net/WCWACACopen.htm,Rodeo Trail ,Wildfire,"Near Tribal Trails Omak
",,32.4,"48.3962, -119.5226",POINT (-119.5226 48.3962)
0,07/16/2020 11:37,http://www.wildcad.net/WCWACACopen.htm,Tribal Trails,Wildfire,Near Tribal Trails,,0.1,"48.3979, -119.5246",POINT (-119.5246 48.3979)
0,07/15/2020 14:08,http://www.wildcad.net/WCWACACopen.htm,County Road 280,Wildfire,Omak County Rd 280,,0.45,"48.4037, -119.4859",POINT (-119.4859 48.4037)
0,07/08/2020 19:21,http://www.wildcad.net/WCWACACopen.htm,Tarheel ,Wildfire,Near Mile Marker 281,,0.1,"48.2957, -119.6655",POINT (-119.6655 48.2957)
0,07/08/2020 19:02,http://www.wildcad.net/WCWACACopen.htm,Highway 97 MM 285,Wildfire,North of Malott,,0.5,"48.3407, -119.6010",POINT (-119.601 48.3407)
0,07/06/2020 19:12,http://www.wildcad.net/WCWACACopen.htm,Pothole,Wildfire,.,,351.2,"48.4540, -119.4588",POINT (-119.4588 48.454)
0,07/05/2020 15:41,http://www.wildcad.net/WCWACACopen.htm,Nespelem Creek,Wildfire,.,,0.1,"48.1784, -118.9841",POINT (-118.9841 48.1784)
0,07/04/2020 23:41,http://www.wildcad.net/WCWACACopen.htm,Round Lake,Wildfire,.,,0.1,"48.2955, -118.3196",POINT (-118.3196 48.2955)
0,07/04/2020 22:41,http://www.wildcad.net/WCWACACopen.htm,Rebecca Lake,Wildfire,.,,0.1,"48.0667, -118.9333",POINT (-118.9333 48.0667)
0,07/04/2020 20:34,http://www.wildcad.net/WCWACACopen.htm,Jackson Street,Wildfire,Omak by the old mill,,0.1,"48.4014, -119.5114",POINT (-119.5114 48.4014)
0,07/04/2020 18:55,http://www.wildcad.net/WCWACACopen.htm,Bridgeport Orchard,Wildfire,MM136 Hwy 97,,0.1,"48.0400, -119.6849",POINT (-119.6849 48.04)
0,07/04/2020 14:59,http://www.wildcad.net/WCWACACopen.htm,River Road,Wildfire,.,,1,"48.1342, -119.3222",POINT (-119.3222 48.1342)
0,06/30/2020 19:32,http://www.wildcad.net/WCWACACopen.htm,Belvedere ,Wildfire,Belvedere,,0.1,"48.0446, -118.9719",POINT (-118.9719 48.0446)
0,06/30/2020 18:57,http://www.wildcad.net/WCWACACopen.htm,Coulee Dam,Wildfire,North edge of Coulee Dam,,20,"47.9768, -118.9629",POINT (-118.9629 47.9768)
0,05/26/2020 15:22,http://www.wildcad.net/WCWACACopen.htm,Kuehne Road,Wildfire,"Between John Tom and Dick Creek
",,4.1,"48.0171, -118.6637",POINT (-118.6637 48.0171)
0,05/12/2020 05:55,http://www.wildcad.net/WCWACACopen.htm,Judds,Wildfire,.,,0.1,"48.2768, -118.2174",POINT (-118.2174 48.2768)
0,05/11/2020 12:39,http://www.wildcad.net/WCWACACopen.htm,Omak River Campfire,Wildfire,.,,0.1,"48.4031, -119.5267",POINT (-119.5267 48.4031)
0,05/08/2020 11:47,http://www.wildcad.net/WCWACACopen.htm,HUD #10,Wildfire,.,,0.1,"48.1713, -118.9705",POINT (-118.9705 48.1713)
0,04/27/2020 13:40,http://www.wildcad.net/WCWACACopen.htm,Carson Flats,Wildfire,.,,0.1,"48.3963, -118.2054",POINT (-118.2054 48.3963)
0,04/14/2020 11:16,http://www.wildcad.net/WCWACACopen.htm,Kewa,Wildfire,Kewa Road,,1.86,"48.1810, -118.2514",POINT (-118.2514 48.181)
0,03/03/2020 16:48,http://www.wildcad.net/WCWACACopen.htm,Columbia River Road,Wildfire,By the net pens,,0.3,"48.1488, -119.1148",POINT (-119.1148 48.1488)
0,09/08/2020 07:02,http://www.wildcad.net/WCWACCCopen.htm,BIG HOLLOW,Wildfire,Big Hollow TH,,24995,"45 55.626, -121 58.794",POINT (-121.9799 45.9271)
0,09/08/2020 01:54,http://www.wildcad.net/WCWACCCopen.htm,RIVERSIDE,Wildfire,.,,138054,"45 2.946, -122 3.738",POINT (-122.0623 45.0491)
0,08/17/2020 09:07,http://www.wildcad.net/WCWACCCopen.htm,WHITE RIVER,Wildfire,White River ,,17442,"45 10.890, -121 34.536",POINT (-121.5756 45.1815)
0,01/13/2021 14:51,http://www.wildcad.net/WCWY-CDCopen.htm,LAST CHANCE,Wildfire,South of Worland,,2,"43 57.546, -107 59.106",POINT (-107.9851 43.9591)
0,01/07/2021 12:35,http://www.wildcad.net/WCWY-CDCopen.htm,GAGING STATION,Wildfire,.,,2,"44 30.762, -109 7.656",POINT (-109.1276 44.5127)
0,01/05/2021 10:56,http://www.wildcad.net/WCWY-CPCopen.htm,HWY 30 RR 17,Wildfire,.,,0.5,"41 46.008, -110 11.460",POINT (-110.191 41.7668)
0,01/04/2021 20:36,http://www.wildcad.net/WCWY-CPCopen.htm,HWY 30 RR 13.5,Wildfire,.,,0.1,"41 43.854, -110 8.490",POINT (-110.1415 41.7309)
0,01/04/2021 16:08,http://www.wildcad.net/WCWY-CPCopen.htm,HWY 30 MM 78,Wildfire,highway 30,,1,"41 39.984, -110 4.200",POINT (-110.07 41.6664)
0,09/17/2020 15:05,http://www.wildcad.net/WCWY-CPCopen.htm,MULLEN,Wildfire,Savage Run Wilderness,,176878,"41 10.584, -106 25.320",POINT (-106.422 41.1764)
