Name,Final,Updated,Started,AdminUnit,AdminUnitUrl,County,Location,AcresBurned,PercentContained,ControlStatement,AgencyNames,Longitude,Latitude,Type,UniqueId,Url,ExtinguishedDate,ExtinguishedDateOnly,StartedDateOnly,IsActive,CalFireIncident,NotificationDesired,geometry
Erbes Fire,True,2021-01-25T13:45:12,2021-01-14T16:00:00,Ventura County Fire Department,,Ventura,Erbes Road and Westland Place,250.0,100.0,,Ventura County Fire Department ,-118.83967,34.20955,Wildfire,2347b6fb-8468-46bb-9917-d5cea3f1efdd,https://www.fire.ca.gov/incidents/2021/1/14/erbes-fire/,2021-01-15T13:45:05Z,2021-01-15,2021-01-14,False,False,False,POINT (-118.83967 34.20955)
Manzanita Fire,True,2021-01-20T15:25:41,2021-01-19T12:08:00,CAL FIRE Madera Mariposa Merced Unit,,Madera,"Manzanita Lake Drive and Road 222, North of North Fork",23.0,100.0,,,-119.51982,37.25086,Wildfire,68c11904-f38b-4aa0-ab90-b3c805c4e8cd,https://www.fire.ca.gov/incidents/2021/1/19/manzanita-fire/,,,2021-01-19,False,True,False,POINT (-119.51982 37.25086)
Bonny Doone Complex (Previously Fanning Fire),True,2021-01-21T18:38:20,2021-01-19T06:48:00,CAL FIRE San Mateo Santa Cruz Unit,,Santa Cruz,"Fanning Grade and Harmony Hill Road, East of Ben Lomond",20.0,100.0,,,-122.10509,37.08931,Wildfire,929a21bc-65a0-49b4-bc90-bfa5457987e4,https://www.fire.ca.gov/incidents/2021/1/19/bonny-doone-complex-previously-fanning-fire/,,,2021-01-19,False,True,False,POINT (-122.10509 37.08931)
North Butano Fire,True,2021-01-21T18:33:54,2021-01-18T21:00:00,CAL FIRE San Mateo Santa Cruz Unit,,San Mateo,"Off of Old Womans Creek Road , South of Loma Mar",15.0,100.0,,,-122.28823,37.18259,Wildfire,2657090b-ec47-4fbe-bc4e-400cd50a8d55,https://www.fire.ca.gov/incidents/2021/1/18/north-butano-fire/,,,2021-01-18,False,True,False,POINT (-122.28823 37.18259)
China Grade Fire,True,2021-02-18T14:11:18,2021-01-18T21:00:00,CAL FIRE San Mateo Santa Cruz Unit,,Santa Cruz,"China Grade Road and Foxglove Lane, Northwest of Boulder Creek",22.0,100.0,,,-122.1756,37.17749,,9b2b5a16-52cf-4f2e-bc8a-a3af75b28522,https://www.fire.ca.gov/incidents/2021/1/18/china-grade-fire/,,,2021-01-18,False,True,False,POINT (-122.1756 37.17749)
Wolf Fire,True,2021-02-18T14:10:35,2021-01-19T11:47:00,Kern County Fire Department,,Kern,Hwy 166 along the Wind Wolves Preserve,685.0,100.0,,Kern County Fire Department,-119.185309,34.99432,,75711186-5792-4c41-9309-48dbac8e667d,https://www.fire.ca.gov/incidents/2021/1/19/wolf-fire/,2021-01-20T07:12:18Z,2021-01-20,2021-01-19,False,True,False,POINT (-119.185309 34.99432)
72 Fire,True,2021-01-25T13:47:05,2021-01-19T14:48:24,CAL FIRE/ Riverside County Fire Department,,Riverside,"Ave 72 and Pierce St, south of Oasis",43.0,100.0,,CAL FIRE/ Riverside County Fire Department,-116.10723,33.52871,Wildfire,b38fdc2c-3108-4273-8a67-8d69bdbfb6bb,https://www.fire.ca.gov/incidents/2021/1/19/72-fire/,2021-01-20T13:46:53Z,2021-01-20,2021-01-19,False,True,False,POINT (-116.10723 33.52871)
Towsley Fire,True,2021-02-18T14:10:17,2021-01-19T15:04:08,Los Angeles County Fire Department,,Los Angeles,"Towsley Canyon Road and I-5, South of Santa Clarita",184.0,100.0,,Los Angeles County Fire Department ,-118.5553174,34.3585229,,79aca6f4-ee40-44e8-9dff-069c36c36fc1,https://www.fire.ca.gov/incidents/2021/1/19/towsley-fire/,2021-01-22T18:12:36Z,2021-01-22,2021-01-19,False,True,False,POINT (-118.5553174 34.3585229)
Panther Ridge Fire,True,2021-02-19T11:21:26,2021-01-19T15:25:39,CAL FIRE San Mateo-Santa Cruz Unit,,Santa Cruz,"Stapp Rd and Hwy 9, north of Boulder Creek",20.0,100.0,,,-122.13372,37.18381,Wildfire,7be84564-edf7-4724-99ba-5c1ee7f86e30,https://www.fire.ca.gov/incidents/2021/1/19/panther-ridge-fire/,2021-01-22T18:02:12Z,2021-01-22,2021-01-19,False,True,False,POINT (-122.13372 37.18381)
Freedom Fire,True,2021-03-02T20:32:36,2021-01-19T19:13:18,CAL FIRE San Mateo  Santa Cruz Unit,,Santa Cruz,"Freedom Boulevard and Hames Road, East of Aptos.",37.0,100.0,,,-121.83627,36.98767,Wildfire,1ebddf4e-0190-4363-a858-ac789206b5fd,https://www.fire.ca.gov/incidents/2021/1/19/freedom-fire/,2021-01-22T18:09:27Z,2021-01-22,2021-01-19,False,True,False,POINT (-121.83627 36.98767)
Grapevine Fire,True,2021-03-24T10:03:09,2021-03-14T18:35:00,Bureau of Land Management,,Kern,"Grapevine Canyon & West of Hwy 395, Northwest of Ridgecrest",86.0,100.0,,Bureau of Land Management ,-117.5910734433329,35.5819816117628,Wildfire,21a360ea-3a4e-4267-986e-3bb1416ca05b,https://www.fire.ca.gov/incidents/2021/3/14/grapevine-fire/,2021-03-20T09:54:54Z,2021-03-20,2021-03-14,False,False,False,POINT (-117.5910734433329 35.5819816117628)
Refuge Fire,True,2021-03-29T17:23:10,2021-03-27T17:02:04,CAL FIRE/Siskiyou unit,,Siskiyou,Lower Klamath Lake Rd and Dorris Brownell Rd,873.0,100.0,,,-121.627082,41.927772,Fire,762d7abb-ec4e-4e50-9137-617c8445b0d1,https://www.fire.ca.gov/incidents/2021/3/27/refuge-fire/,2021-03-29T17:21:30Z,2021-03-29,2021-03-27,False,True,False,POINT (-121.627082 41.927772)
Line Fire,True,2021-03-31T19:09:07,2021-03-28T14:43:24,CAL FIRE Tuolumne-Calaveras Unit,,Tuolumne,"Shortline Rd and Hells Hollow Rd, East of Groveland",23.0,100.0,,,-120.131236,37.813464,Fire,0c3c5916-b391-4916-ad16-059c094da426,https://www.fire.ca.gov/incidents/2021/3/28/line-fire/,,,2021-03-28,False,True,False,POINT (-120.131236 37.813464)
Woodman Fire,True,2021-04-01T21:19:22,2021-04-01T15:56:00,CAL FIRE Shasta-Trinity Unit,,Shasta,"Oak Run Road and Snider Ranch Road, South West of Oak Run in Shasta County.",35.0,100.0,,,-122.0536419,40.6758842,Wildfire,da35c08b-9f0a-42b2-9e1f-b6e9a545d3fb,https://www.fire.ca.gov/incidents/2021/4/1/woodman-fire/,2021-04-01T21:19:17Z,2021-04-01,2021-04-01,False,True,False,POINT (-122.0536419 40.6758842)
Westwood Fire,True,2021-04-05T17:25:05,2021-04-04T15:52:00,Ventura County Fire Department,,Ventura,Westwood Street and Cottonwood Drive in Simi Valley,25.0,100.0,,,-118.70009500551254,34.30277328465364,Fire,1f31ac02-436e-4555-b7d1-32b636c11c17,https://www.fire.ca.gov/incidents/2021/4/4/westwood-fire/,2021-04-05T17:24:38Z,2021-04-05,2021-04-04,False,True,False,POINT (-118.7000950055125 34.30277328465364)
Paso Fire,True,2021-04-13T18:48:26,2021-04-12T18:44:23,CAL FIRE San Diego Unit,,San Diego,"Lookout Road and Hwy 79, North of Cuyamaca Rancho State Park",28.0,100.0,,,-116.582369,32.958961,Wildfire,02ba1be4-fecc-49a6-927d-8da38d215851,https://www.fire.ca.gov/incidents/2021/4/12/paso-fire/,2021-04-13T18:00:00Z,2021-04-13,2021-04-12,False,False,False,POINT (-116.582369 32.958961)
Turnout Fire,True,2021-04-25T02:09:40,2021-04-18T17:46:54,CAL FIRE Mendocino Unit,,Mendocino,Highway 253 and Boonville Rd,200.0,100.0,,,-123.35838,38.99914,Wildfire,6a7cee19-fc90-4f87-a306-48ccd9cee200,https://www.fire.ca.gov/incidents/2021/4/18/turnout-fire/,2021-04-24T19:04:15Z,2021-04-24,2021-04-18,False,True,False,POINT (-123.35838 38.99914)
River Fire,True,2021-05-06T16:35:39,2021-04-19T20:29:35,Sutter County Fire Department,,Sutter,"Garden Hwy  and Star Bend Road, South of Yuba City",80.0,100.0,,Sutter County Fire Department ,-121.5896697,38.9743823,Wildfire,81d9dc1d-9cff-4a22-a6c6-2a4f94cf30ed,https://www.fire.ca.gov/incidents/2021/4/19/river-fire/,2021-05-01T09:35:18Z,2021-05-01,2021-04-19,False,False,False,POINT (-121.5896697 38.9743823)
Wolves Fire,True,2021-04-23T01:08:52,2021-04-23T00:34:19,Kern County Fire Department,,Kern,"Dead end of Goldcrest St, south west of Bakersfield",50.0,100.0,,Kern County Fire Department,-1191414610.0,34.9471195,Wildfire,3093980c-b80f-4b7b-a040-d4fc868142ca,https://www.fire.ca.gov/incidents/2021/4/23/wolves-fire/,,,2021-04-23,False,False,False,POINT (-1191414610 34.9471195)
Luis Fire,True,2021-04-25T02:01:24,2021-04-24T14:50:00,CAL FIRE MMU,,Merced,San Luis Reservoir near Santa Nella,93.0,100.0,,,-121.143154,37.0953436,Fire,92aa05b8-83d8-45ec-b079-86d7698086a5,https://www.fire.ca.gov/incidents/2021/4/24/luis-fire/,2021-04-24T19:01:18Z,2021-04-24,2021-04-24,False,True,False,POINT (-121.143154 37.0953436)
North Fire,True,2021-05-10T16:58:15,2021-04-28T23:04:57,Los Angeles County Fire Department,,Los Angeles,"West Live Oak Rd and Biscailuz Rd , Castaic",650.0,100.0,,Los Angeles County Fire Department,-118.616276,34.449686,Wildfire,4f4775e4-cd91-4f78-a1de-9c15213ebed2,https://www.fire.ca.gov/incidents/2021/4/28/north-fire/,2021-05-03T09:57:29Z,2021-05-03,2021-04-28,False,False,False,POINT (-118.616276 34.449686)
Sky Fire,True,2021-05-02T00:34:13,2021-04-29T12:44:00,CAL FIRE Sonoma-Lake Napa Unit,,Lake,"Morgan Valley Road and Sloan Ranch Road, Southeast of Clearlake",65.0,100.0,,,-122.51771555326388,38.88437128468346,Wildfire,5f8ebcac-e1f0-4659-9f38-f3e862a3a440,https://www.fire.ca.gov/incidents/2021/4/29/sky-fire/,2021-05-01T17:32:27Z,2021-05-01,2021-04-29,False,True,False,POINT (-122.5177155532639 38.88437128468346)
Campo Fire,True,2021-05-04T01:29:32,2021-04-29T23:18:41,CAL FIRE Tuolumne-Calaveras Unit,,Calaveras,"Buckboard Lane and Campo Seco Rd, Campo Seco, Valley Springs",160.0,100.0,,,-120.856628,38.223179,Wildfire,4567cb5b-ef86-4630-81ef-f442fc07dc3e,https://www.fire.ca.gov/incidents/2021/4/29/campo-fire/,,,2021-04-29,False,True,False,POINT (-120.856628 38.223179)
Salmon Fire,True,2021-05-12T22:17:49,2021-05-01T21:02:48,CAL FIRE Amador-El Dorado Unit,,El Dorado,"Salmon Falls Road at the American River, North East of El Dorado Hills in El Dorado County.",32.0,100.0,"Firefighters worked throughout the night and as of this morning have achieved 40% containment. The focus today is to strengthen containment lines and mop up hot spots. With the help of firefighters from CAL FIRE - Santa Clara Unit, it is anticipated that crews will make good progress toward full containment today.",,-121.034998,38.773294,Wildfire,63892d1b-fd0d-4120-be74-242857e211ee,https://www.fire.ca.gov/incidents/2021/5/1/salmon-fire/,,,2021-05-01,False,True,False,POINT (-121.034998 38.773294)
Southern Fire,True,2021-05-12T22:15:50,2021-05-02T00:56:04,CAL FIRE San Diego,,San Diego,"14000 Blk Great Southern Overland , Agua Caliente in San Diego County.",5366.0,100.0,,,-116.443391,32.987532,Wildfire,89467f5f-2562-47dc-99b6-cb8ec90c3a12,https://www.fire.ca.gov/incidents/2021/5/2/southern-fire/,2021-05-06T06:53:36Z,2021-05-06,2021-05-02,False,True,False,POINT (-116.443391 32.987532)
Creek Fire,True,2021-05-06T15:47:51,2021-05-04T13:28:00,CAL FIRE Riverside Unit,,Riverside,Cahuilla Creek Motocross and Highway 371 in Anza,32.0,100.0,,,-116.767011,33.532246,Wildfire,fb63695d-fd59-47dd-9247-e5a7099b5fce,https://www.fire.ca.gov/incidents/2021/5/4/creek-fire/,2021-05-04T18:00:00Z,2021-05-04,2021-05-04,False,True,False,POINT (-116.767011 33.532246)
Bridge Fire,True,2021-05-06T13:56:57,2021-05-05T23:30:06,CAL FIRE/Riverside County Fire Department,,Riverside,Gilman Springs Road and Bridge Street,226.0,100.0,,CAL FIRE/Riverside County Fire Department,-117.044072,33.86972,Wildfire,c3f573fc-ece2-4b19-a67e-069bf3fc0c16,https://www.fire.ca.gov/incidents/2021/5/5/bridge-fire/,2021-05-06T06:56:43Z,2021-05-06,2021-05-05,False,True,False,POINT (-117.044072 33.86972)
Gunnison Fire,True,2021-05-09T05:17:08,2021-05-08T13:44:53,CAL FIRE Butte County Unit,,Butte,Munjar Road and Meridian Road,549.0,100.0,Forward Spread stopped,,-121.91936,39.85479,Wildfire,25d0bdd9-c422-459a-bc12-d9cae4843518,https://www.fire.ca.gov/incidents/2021/5/8/gunnison-fire/,2021-05-08T10:13:00Z,2021-05-08,2021-05-08,False,True,False,POINT (-121.91936 39.85479)
Granite Fire,True,2021-05-11T22:24:27,2021-05-08T15:02:45,CAL FIRE Tuolumne-Calaveras Unit,,Calaveras,Milton Road and Rock Creek Road,118.0,100.0,,,-120.85258,38.03106,Wildfire,baef627e-c3ba-4c3c-8a55-a168839aa2c8,https://www.fire.ca.gov/incidents/2021/5/8/granite-fire/,2021-05-08T21:35:49Z,2021-05-08,2021-05-08,False,True,False,POINT (-120.85258 38.03106)
Dillard Fire,True,2021-05-12T22:21:17,2021-05-08T17:29:49,Sacramento County Metro Fire Department,,Sacramento,Fig Road,44.0,100.0,,,-121.45965,38.28328,Wildfire,0b59568a-ab13-4acf-965a-18e9b18ae223,https://www.fire.ca.gov/incidents/2021/5/8/dillard-fire/,2021-05-08T20:05:33Z,2021-05-08,2021-05-08,False,False,False,POINT (-121.45965 38.28328)
Quail Fire,True,2021-05-12T21:53:44,2021-05-12T20:48:43,CAL FIRE Nevada-Yuba-Placer Unit,,Yuba,"Quail Run Ave and Key Ct, northwest of Smartsville",35.0,100.0,,,-121.361339,39.2510745,Wildfire,ee1dc476-97d4-4da9-a2ba-d3e9f5116309,https://www.fire.ca.gov/incidents/2021/5/12/quail-fire/,2021-05-12T14:53:27Z,2021-05-12,2021-05-12,False,True,False,POINT (-121.361339 39.2510745)
Pine Fire,True,2021-05-21T12:24:23,2021-05-12T22:46:39,Los Angeles County Fire Department,,Los Angeles,"Hwy 138 and 248th St, Pinion Hills",442.0,100.0,,Los Angeles County Fire Department,-117.663815,34.454231,Wildfire,3bd5d90f-8131-48a0-a02f-1677e5394ce1,https://www.fire.ca.gov/incidents/2021/5/12/pine-fire/,2021-05-20T12:23:55Z,2021-05-20,2021-05-12,False,False,False,POINT (-117.663815 34.454231)
Fields Fire,True,2021-05-15T19:03:07,2021-05-14T14:00:00,CAL FIRE Madera-Mariposa-Merced Unit,,Merced,"La Grange Rd and Fields Rd, Community of Snelling",97.0,100.0,,,-120.419624,37.560209,Wildfire,5afc3e64-eb8a-4aad-9bb5-1f9a20f84bb0,https://www.fire.ca.gov/incidents/2021/5/14/fields-fire/,2021-05-15T11:58:36Z,2021-05-15,2021-05-14,False,True,False,POINT (-120.419624 37.560209)
R-1 Fire,True,2021-05-26T12:48:47,2021-05-14T13:03:00,BLM Northern Operations District,,Lassen,Cottonwood Mountains northeast Ravendale,29.0,100.0,,CAL FIRE Lassen-Modoc Unit,-120.094517,40.971612,Wildfire,0c1abd92-b131-40f4-bcf7-f6d1871af6a1,https://www.fire.ca.gov/incidents/2021/5/14/r-1-fire/,2021-05-15T12:48:28Z,2021-05-15,2021-05-14,False,False,False,POINT (-120.094517 40.971612)
Palisades Fire,True,2021-06-01T16:00:12,2021-05-14T21:50:41,Los Angeles County Fire Department,,Los Angeles,"Palisades Court and Michael Lane, Topanga Canyon",1202.0,100.0,,Los Angeles County Fire Department,-118.558938,34.079046,Wildfire,8c1bfb66-4002-498a-ae39-62b584718519,https://www.fire.ca.gov/incidents/2021/5/14/palisades-fire/,2021-05-26T18:00:00Z,2021-05-26,2021-05-14,False,False,False,POINT (-118.558938 34.079046)
Davis Fire,True,2021-05-20T08:07:58,2021-05-18T13:30:00,CAL FIRE Riverside County Fire Department,,Riverside,"Davis Road and Theodore Street, Southeast of Moreno Valley",300.0,100.0,,CAL FIRE Riverside County Fire Department ,-117.1116,33.8948,,1882364c-9710-47ab-9871-349a76a60173,https://www.fire.ca.gov/incidents/2021/5/18/davis-fire/,2021-05-19T07:44:21Z,2021-05-19,2021-05-18,False,True,False,POINT (-117.1116 33.8948)
Parkside Fire,True,2021-05-21T10:26:30,2021-05-19T15:54:00,CAL FIRE Riverside/ Riverside County Fire Department,,Riverside,"Highway 111 And Parkside Drive, Southeast of  Mecca",17.0,100.0,,CAL FIRE Riverside/ Riverside County Fire Department ,-115.917099,33.50994,,e8b4ee36-20b5-4d20-93a4-831ef2e5c659,https://www.fire.ca.gov/incidents/2021/5/19/parkside-fire/,2021-05-20T19:53:00Z,2021-05-20,2021-05-19,False,True,False,POINT (-115.917099 33.50994)
Settlers Fire,True,2021-05-21T12:59:28,2021-05-19T14:56:00,CAL FIRE Amador El Dorado Unit,,El Dorado,"Settlers Trail, East of Latrobe",45.0,100.0,,,-121.01365,38.56101,,aefbc94c-63b5-4767-aa12-a8bc8ed80d87,https://www.fire.ca.gov/incidents/2021/5/19/settlers-fire/,2021-05-21T12:59:21Z,2021-05-21,2021-05-19,False,True,False,POINT (-121.01365 38.56101)
WeeVill Fire,True,2021-05-24T13:35:57,2021-05-20T09:27:00,Los Angeles County Fire Department,,Los Angeles,"Hwy 138 and 210th Street W, 15 miles west of Lancaster",300.0,100.0,,Los Angeles County Fire Department ,-118.5044868,34.7591895,Wildfire,a5bcf6ba-3e09-49f8-b4c4-1b134aa5c83f,https://www.fire.ca.gov/incidents/2021/5/20/weevill-fire/,2021-05-22T13:35:16Z,2021-05-22,2021-05-20,False,False,False,POINT (-118.5044868 34.7591895)
Bluff Fire,False,2021-06-07T08:27:30,2021-05-21T06:55:59,USFS Six Rivers National Forest,,Humboldt,"Bluff Creek and Wright Place,  north of Weitchpec",25.0,100.0,,USFS Six Rivers National Forest,-123.66003,41.23106,Wildfire,8e8900a0-814f-425a-8b37-bd5098222959,https://www.fire.ca.gov/incidents/2021/5/21/bluff-fire/,2021-06-06T12:26:00Z,2021-06-06,2021-05-21,False,False,False,POINT (-123.66003 41.23106)
Tomki Fire,True,2021-05-24T18:47:48,2021-05-21T15:36:15,CAL FIRE Mendocino Unit,,Mendocino,"Tomki Road and Appaloosa Way, North of Redwood Valley",18.0,100.0,,,-123.23205,39.384319,,53d124c0-3cc9-436a-8c35-87a9019a3d24,https://www.fire.ca.gov/incidents/2021/5/21/tomki-fire/,2021-05-24T18:47:21Z,2021-05-24,2021-05-21,False,True,False,POINT (-123.23205 39.384319)
Lake Fire,True,2021-05-27T07:04:31,2021-05-24T13:30:26,CAL FIRE/Riverside County Fire Department,,Riverside,"Santa Ana River Bottom near Lakeview Ave and Pedley Rd, Jurupa Valley",115.0,100.0,,CAL FIRE/Riverside County Fire Department,-117.471517,33.965596,Wildfire,9116b7e9-66c8-417b-a1f6-b9b078e240d6,https://www.fire.ca.gov/incidents/2021/5/24/lake-fire/,2021-05-27T07:04:11Z,2021-05-27,2021-05-24,False,True,False,POINT (-117.471517 33.965596)
Live Oak Fire,True,2021-05-31T18:51:36,2021-05-27T14:36:00,CAL FIRE Madera Mariposa Merced Unit,,Mariposa,"Live Oak Rd and Yaqui Gulch Rd, West of Mormon Bar",197.0,100.0,,,-120.00392,37.45646,Wildfire,4f6bdd52-abdc-4c93-a48b-7d7adae05cfc,https://www.fire.ca.gov/incidents/2021/5/27/live-oak-fire/,2021-05-31T18:50:19Z,2021-05-31,2021-05-27,False,True,False,POINT (-120.00392 37.45646)
Mile Fire,True,2021-05-28T06:44:42,2021-05-27T18:44:00,CAL FIRE Tuolomne- Calaveras Unit,,Stanislaus,"E. Sonora Road and 28 Mile Road, Northeast of Woodward Reservoir",508.0,100.0,,,-120.83915871172879,37.89346196853137,,cfdab623-d2b2-4d61-a227-be32ebb3fac4,https://www.fire.ca.gov/incidents/2021/5/27/mile-fire/,2021-05-28T06:44:37Z,2021-05-28,2021-05-27,False,True,False,POINT (-120.8391587117288 37.89346196853137)
Sargents Fire,True,2021-06-02T17:42:04,2021-05-30T15:10:29,CAL FIRE San Benito-Monterey Unit,,Monterey,"Wunpost Rd and Sargeant Canyon Rd, Northeast of Bradley",1100.0,100.0,,,-120.87327388913826,35.96205270618218,Wildfire,6cdd3c1b-2ef3-4a77-aef2-82ff170cd227,https://www.fire.ca.gov/incidents/2021/5/30/sargents-fire/,,,2021-05-30,False,True,False,POINT (-120.8732738891383 35.96205270618218)
Slope Fire,True,2021-06-02T17:35:50,2021-05-31T16:24:20,Fresno-Kings County Fire,,Fresno,Off Trimmer Springs Road and Sunnyslope Road in Fresno County.,25.0,100.0,,,-119.3484121800294,36.86201725309289,Wildfire,81777c5a-cf1d-4161-a261-97c55a8393c0,https://www.fire.ca.gov/incidents/2021/5/31/slope-fire/,,,2021-05-31,False,True,False,POINT (-119.3484121800294 36.86201725309289)
Smalley Fire,True,2021-06-04T07:25:08,2021-05-31T19:12:45,Madera-Mariposa-Merced Unit,,Madera,"Road 222 and Tunoi Place , South of the town of North Fork in Madera County.",45.0,100.0,,,-119.5166045,37.1619216,Wildfire,033ee676-f2f0-4ea8-bbc9-b0bb02de3462,https://www.fire.ca.gov/incidents/2021/5/31/smalley-fire/,2021-06-03T07:24:58Z,2021-06-03,2021-05-31,False,True,False,POINT (-119.5166045 37.1619216)
Scott Fire,True,2021-06-01T20:19:22,2021-06-01T13:06:00,CAL FIRE Riverside/ Riverside County Fire Department,,Riverside,"Winchester Road and Scott Road, South of Winchester",28.0,100.0,,CAL FIRE Riverside/ Riverside County Fire Department ,-117.089849,33.631955,,c8ae5d37-89ac-4d57-904e-720ef7012edc,https://www.fire.ca.gov/incidents/2021/6/1/scott-fire/,2021-06-01T20:14:45Z,2021-06-01,2021-06-01,False,True,False,POINT (-117.089849 33.631955)
Coyote Fire,True,2021-06-04T17:11:51,2021-06-02T18:30:00,CAL FIRE/Riverside County Fire Department,,Riverside,"Old Banning Idyllwild Road, south of Shirleon Drive",43.0,100.0,,CAL FIRE RRU,-116.90145,33.895007,Fire,760bd55e-7296-44c7-a8ea-917e1751d811,https://www.fire.ca.gov/incidents/2021/6/2/coyote-fire/,2021-06-04T17:11:26Z,2021-06-04,2021-06-02,False,True,False,POINT (-116.90145 33.895007)
Buck Fire,True,2021-06-08T18:33:01,2021-06-06T15:20:52,CAL FIRE/ Madera-Mariposa-Merced Unit,,Madera,"Rd 600 and Rd 612,  East of Raymond",50.0,100.0,,,-119.86047836209606,37.24484944019164,Wildfire,1a1a9275-f16f-4a06-abe6-3ba18e5e9b33,https://www.fire.ca.gov/incidents/2021/6/6/buck-fire/,2021-06-08T18:32:58Z,2021-06-08,2021-06-06,False,True,False,POINT (-119.8604783620961 37.24484944019164)
Intanko Fire,True,2021-06-11T15:44:28,2021-06-08T13:59:00,CAL FIRE Nevada-Yuba-Placer Unit,,Yuba,"Intanko Lane and Kapaka Lane, Northeast of Wheatland",939.0,100.0,,,-121.333346,39.084872,Wildfire,63d1e4af-4112-4d67-8db0-4dec23b3674f,https://www.fire.ca.gov/incidents/2021/6/8/intanko-fire/,,,2021-06-08,False,True,False,POINT (-121.333346 39.084872)
Farm Fire,True,2021-06-14T17:04:24,2021-06-09T13:15:00,Unified Command: CAL FIRE San Bernardino Unit and San Bernardino County Fire Department,,San Bernardino,"Ranchero Road and Caliente Road, West of Hesperia",250.0,100.0,,"CAL FIRE San Bernardino Unit ,  San Bernardino County Fire Department  ",-117.41835464122235,34.383247203440405,Wildfire,1eea5329-95c3-4a41-974f-7b3693441b1e,https://www.fire.ca.gov/incidents/2021/6/9/farm-fire/,2021-06-11T17:04:08Z,2021-06-11,2021-06-09,False,True,False,POINT (-117.4183546412224 34.3832472034404)
Sierra Fire,True,2021-06-11T10:04:04,2021-06-09T13:53:00,Camp Pendleton,,San Diego,"Basilone Road and Stagecoach Road, West of Camp Pendleton North",1000.0,100.0,,Camp Pendleton ,-117.34832277422022,33.315711565249096,Wildfire,b6391e06-889a-4d69-ba3e-8491af004029,https://www.fire.ca.gov/incidents/2021/6/9/sierra-fire/,2021-06-11T10:03:47Z,2021-06-11,2021-06-09,False,False,False,POINT (-117.3483227742202 33.3157115652491)
Creek Fire,True,2021-06-10T07:03:48,2021-06-09T20:00:00,CAL FIRE Sonoma-Lake-Napa,,Yolo,"Highway 16 and Road 41, North of Rumsey",34.0,100.0,,,-122.238889,38.899722,Wildfire,09996c3f-3186-4c5d-8006-ced791b3ff40,https://www.fire.ca.gov/incidents/2021/6/9/creek-fire/,2021-06-10T07:03:23Z,2021-06-10,2021-06-09,False,True,False,POINT (-122.238889 38.899722)
Flats Fire,True,2021-06-21T12:29:05,2021-06-13T11:12:13,San Bernardino National Forest,,Riverside,"Pinyon Flats Transfer Station and Elks Trail Rd, near Mountain Center",341.0,100.0,,United States Forest Service ,-116.4518615,33.5812044,Wildfire,ddcef5cf-9417-4c41-b64b-910e096522fc,https://www.fire.ca.gov/incidents/2021/6/13/flats-fire/,2021-06-21T12:28:30Z,2021-06-21,2021-06-13,False,False,False,POINT (-116.4518615 33.5812044)
Goose Fire,True,2021-06-15T07:27:32,2021-06-13T16:01:34,CAL FIRE Amador El Dorado Unit,,Amador,"Red Valley Road and Jackson Valley Road, Jackson Valley",67.0,100.0,,,-120.9608439,38.3046414,Wildfire,0e78a6e0-9315-4b29-8a1c-894d4b06a64e,https://www.fire.ca.gov/incidents/2021/6/13/goose-fire/,,,2021-06-13,False,True,False,POINT (-120.9608439 38.3046414)
Beale Fire,True,2021-06-14T17:56:57,2021-06-13T19:39:00,CAL FIRE Nevada Yuba Placer Unit,,Yuba,Hammonton Smartsville Rd and Henwood Ranch Rd east of Yuba City,150.0,100.0,,,-121.3587065,39.1956433,Wildfire,92fd111b-2d3a-48c8-bc43-d505eaceb423,https://www.fire.ca.gov/incidents/2021/6/13/beale-fire/,2021-06-14T17:54:43Z,2021-06-14,2021-06-13,False,True,False,POINT (-121.3587065 39.1956433)
Silicon Fire,True,2021-06-14T18:36:58,2021-06-14T11:40:00,CAL FIRE Santa Clara Unit,,Santa Clara,"Silicon Valley Road and Basking Ridge, East San Jose",35.0,100.0,,,-121.76309,37.24042,Wildfire,8d9ee304-6918-4f74-b7f1-ec8441020bf9,https://www.fire.ca.gov/incidents/2021/6/14/silicon-fire/,2021-06-14T18:36:39Z,2021-06-14,2021-06-14,False,True,False,POINT (-121.76309 37.24042)
Kathryn Fire,True,2021-06-17T12:36:48,2021-06-15T13:30:00,CAL FIRE / Riverside County Fire Department,,Riverside,"Sage Road and Cactus Valley Road, South of Hemet",15.0,100.0,,CAL FIRE Riverside/ Riverside County Fire Department ,-116.94956,33.67127,Wildfire,08a000bd-2c35-4409-abe9-961da323bbe2,https://www.fire.ca.gov/incidents/2021/6/15/kathryn-fire/,2021-06-15T08:00:19Z,2021-06-15,2021-06-15,False,True,False,POINT (-116.94956 33.67127)
Rock Fire,True,2021-06-20T12:47:07,2021-06-15T17:14:55,CAL FIRE Shasta Trinity Unit,,Shasta,"Benson Dr and Rock Creek Rd, East of Whiskeytown",108.0,100.0,,,-122.49164,40.61468,Wildfire,2b42f885-f296-4659-98e0-c33585215fa9,https://www.fire.ca.gov/incidents/2021/6/15/rock-fire/,2021-06-20T12:46:57Z,2021-06-20,2021-06-15,False,True,False,POINT (-122.49164 40.61468)
Dairy Fire,True,2021-06-28T09:27:26,2021-06-15T18:59:10,U.S. Fish and Wildlife Service,,Tehama,"East Canal Rd and Tyler Rd, northeast of Proberta",165.0,100.0,,Sacramento National Wildlife Refuge ,-122.16025,40.10806,Wildfire,e86265b9-2ac9-471e-bff4-deb2f46b7b7d,https://www.fire.ca.gov/incidents/2021/6/15/dairy-fire/,2021-06-24T08:00:00Z,2021-06-24,2021-06-15,False,False,False,POINT (-122.16025 40.10806)
Equestrian Fire,True,2021-06-16T17:08:03,2021-06-16T14:03:42,CAL FIRE Amador-El Dorado Unit,,El Dorado,"Equestrian Way and Square Nail Trail, south of Pilot Hill",10.0,100.0,,,-121.01273,38.79988,Wildfire,26ec9c89-912e-4c23-a6c9-04b5dcb31970,https://www.fire.ca.gov/incidents/2021/6/16/equestrian-fire/,2021-06-16T17:07:52Z,2021-06-16,2021-06-16,False,True,False,POINT (-121.01273 38.79988)
Pomo Fire,True,2021-06-22T08:48:21,2021-06-17T16:45:06,North Shore Fire Protection District,,Lake,"Pomo Road Cross and Hwy 20, Upper Lake",100.0,42.0,,,-122.916,39.16338,Wildfire,83e251e4-196f-4db5-b5ba-bed8e300380c,https://www.fire.ca.gov/incidents/2021/6/17/pomo-fire/,2021-06-17T10:40:44Z,2021-06-17,2021-06-17,False,False,False,POINT (-122.916 39.16338)
Park Fire,True,2021-06-19T19:24:26,2021-06-17T21:37:07,Unified Command: CAL FIRE/Butte Unit and City of Chico,,Butte,"Upper Park Road and  Bidwell Park, northeast of Chico",402.0,100.0,,,-121.76629,39.77144,Wildfire,6672b6ad-981e-43e8-b4ad-a75285ab9f90,https://www.fire.ca.gov/incidents/2021/6/17/park-fire/,2021-06-19T19:24:22Z,2021-06-19,2021-06-17,False,True,False,POINT (-121.76629 39.77144)
Alabama Fire,True,2021-06-21T07:17:32,2021-06-18T02:19:00,CAL FIRE San Bernardino Unit,,Inyo,"Whitney Portal Road and Hogback Road, Northwest of Lone Pine",560.0,100.0,,,-118.20355,36.59717,,2947b64d-5835-411b-a603-afcbaf8d53d8,https://www.fire.ca.gov/incidents/2021/6/18/alabama-fire/,2021-06-21T07:17:16Z,2021-06-21,2021-06-18,False,True,False,POINT (-118.20355 36.59717)
Antelope Fire,True,2021-06-20T07:18:38,2021-06-18T06:33:00,CAL FIRE Tulare Unit,,Tulare,"Avenue 380 and Road 208, Northeast of Woodlake",11.0,100.0,,,-119.10788,36.47887,Wildfire,587e51fd-ad97-4894-b53e-300a78e4dc80,https://www.fire.ca.gov/incidents/2021/6/18/antelope-fire/,2021-06-20T07:18:21Z,2021-06-20,2021-06-18,False,True,False,POINT (-119.10788 36.47887)
Success Fire,True,2021-06-22T18:08:03,2021-06-18T01:17:00,CAL FIRE Tulare Unit,,Tulare,"Success Valley Road and  Reservation Road, East of Porterville",800.0,100.0,,,-118.85799,36.03223,Wildfire,8e8e1a5e-0855-4751-8ad1-70730007657c,https://www.fire.ca.gov/incidents/2021/6/18/success-fire/,2021-06-22T18:00:00Z,2021-06-22,2021-06-18,False,False,False,POINT (-118.85799 36.03223)
Nettle Fire,True,2021-07-12T09:11:05,2021-06-18T10:11:21,Tule River Indian Reservation,,Tulare,"Indian Service Rd BIA 70 and Bond Creek , east of Porterville",1265.0,100.0,,Tule River Indian Reservation ,-118.76857,36.03887,Wildfire,ecdd77c3-2919-44d8-9ee9-c176271b04d0,https://www.fire.ca.gov/incidents/2021/6/18/nettle-fire/,2021-07-01T08:58:19Z,2021-07-01,2021-06-18,False,False,False,POINT (-118.76857 36.03887)
Willow Fire,True,2021-07-12T08:24:18,2021-06-18T11:49:41,Los Padres National Forest,,Monterey,"Willow Creek and Marble Peak Trail, Southeast of Big Sur",2877.0,100.0,,Los Padres National Forest,-121.558858,36.151231,Wildfire,961a9b24-0bad-4c53-9809-14fe98d515c4,https://www.fire.ca.gov/incidents/2021/6/18/willow-fire/,2021-07-11T08:24:03Z,2021-07-11,2021-06-18,False,False,False,POINT (-121.558858 36.151231)
Crane Fire,True,2021-06-21T17:23:35,2021-06-18T18:35:00,Kern County Fire Department,,Kern,"Lebec Service Road and Crane Canyon Road, Northeast of Lebec",48.0,100.0,,,-118.86258,34.83498,,f5d44748-ed74-4660-ab1a-b94f483ab5df,https://www.fire.ca.gov/incidents/2021/6/18/crane-fire/,2021-06-20T18:07:44Z,2021-06-20,2021-06-18,False,True,False,POINT (-118.86258 34.83498)
Overland Fire,True,2021-06-24T18:51:04,2021-06-19T08:00:00,CAL FIRE San Diego Unit,,San Diego,"Canebrake Canyon Road  and Great Southern Overland Stage Route , East of Mount Laguna",515.0,100.0,,,-116.233056,32.903917,,8992a229-a245-431d-9a61-11f8d545d93b,https://www.fire.ca.gov/incidents/2021/6/19/overland-fire/,2021-06-24T18:50:12Z,2021-06-24,2021-06-19,False,True,False,POINT (-116.233056 32.903917)
Bautista Fire,True,2021-06-21T20:03:09,2021-06-19T13:36:00,CAL FIRE Riverside Unit,,Riverside,"Hwy 371 and Bautista Road, West of Anza",95.0,100.0,,,-116.707967,33.551747,Fire,cfcf1a2b-e358-4dc0-ab39-93ebe94fc843,https://www.fire.ca.gov/incidents/2021/6/19/bautista-fire/,2021-06-21T20:02:53Z,2021-06-21,2021-06-19,False,True,False,POINT (-116.707967 33.551747)
Inyo Creek Fire,True,2021-07-12T07:59:32,2021-06-19T06:19:04,,,Inyo,"Whitney Portal Road, West of Lone Pine in Inyo County",592.0,100.0,,Inyo National Forest ,-118.1420738,36.6000177,,68b1630c-10e7-4d99-9c61-baa592f1dd83,https://www.fire.ca.gov/incidents/2021/6/19/inyo-creek-fire/,2021-07-09T08:00:00Z,2021-07-09,2021-06-19,False,False,False,POINT (-118.1420738 36.6000177)
Cow Fire,True,2021-06-26T18:29:11,2021-06-20T16:38:04,CAL FIRE Shasta-Trinity Unit,,Shasta,"Highway 44 and South Cow Creek Rd,  southeast of Millville in Shasta County",761.0,100.0,,,-122.12107,40.53297,Fire,37385589-19f2-43fd-96fb-6a5cd28c607c,https://www.fire.ca.gov/incidents/2021/6/20/cow-fire/,2021-06-26T18:25:36Z,2021-06-26,2021-06-20,False,True,False,POINT (-122.12107 40.53297)
76 Fire,True,2021-06-22T09:08:43,2021-06-20T17:32:36,CAL FIRE Riverside County Fire,,Riverside,"89000 Block of Avenue 76, Thermal Riverside County",20.0,100.0,,,-116.1147496,33.499081,Fire,c9ccf962-449a-4fe8-a1ec-42672f023868,https://www.fire.ca.gov/incidents/2021/6/20/76-fire/,2021-06-21T09:09:11Z,2021-06-21,2021-06-20,False,True,False,POINT (-116.1147496 33.499081)
Clevenger Fire,True,2021-06-21T20:06:17,2021-06-20T18:28:38,,,San Diego,"San Pasqual Valley Road and Bandy Canyon Road, San Pasqual in San Diego County.",53.0,100.0,,,-116.9543,33.09183,Fire,32ea3306-088d-4779-9009-2763c7f8a38c,https://www.fire.ca.gov/incidents/2021/6/20/clevenger-fire/,2021-06-21T20:05:56Z,2021-06-21,2021-06-20,False,True,False,POINT (-116.9543 33.09183)
Watt Fire,True,2021-06-21T19:04:51,2021-06-21T16:41:35,Placer County Fire Department,,Placer,"Watt Ave at PFE Rd, north of Sacramento",42.0,100.0,,,-121.39247,38.728881,Wildfire,1702e4de-4414-4604-a70d-e0f54df154bd,https://www.fire.ca.gov/incidents/2021/6/21/watt-fire/,2021-06-21T19:04:05Z,2021-06-21,2021-06-21,False,False,False,POINT (-121.39247 38.728881)
Antelope Fire,True,2021-07-12T08:33:53,2021-06-22T11:19:00,Modoc National Forest,,Modoc,"Antelope Reservoir, 10 miles northeast of Canby",580.0,100.0,,CAL FIRE Lassen-Modoc Unit ,-120.729446,41.583949,Fire,4c9c4b27-d45d-453d-82f9-39da5ccfe176,https://www.fire.ca.gov/incidents/2021/6/22/antelope-fire/,2021-06-29T08:33:42Z,2021-06-29,2021-06-22,False,False,False,POINT (-120.729446 41.583949)
Panoche Fire,True,2021-06-24T18:43:22,2021-06-23T13:38:00,CAL FIRE San Benito - Monterey Unit,,San Benito,"Panoche Road and Moody Canyon, East of Panoche Valley",145.0,100.0,,,-120.987172,36.63228,,348304a5-5d65-46bb-a9f6-4e8ce6ca985b,https://www.fire.ca.gov/incidents/2021/6/23/panoche-fire/,2021-06-24T18:42:38Z,2021-06-24,2021-06-23,False,True,False,POINT (-120.987172 36.63228)
Pine Fire,True,2021-06-24T18:31:26,2021-06-23T13:42:00,CAL FIRE Shasta-Trinity Unit,,Shasta,"Pine Meadow Place and Cloverdale Road, West of Anderson",50.0,100.0,,,-122.481055,40.475558,,691ca75a-6419-40ab-87d7-bbe92796307c,https://www.fire.ca.gov/incidents/2021/6/23/pine-fire/,,,2021-06-23,False,True,False,POINT (-122.481055 40.475558)
Mesa Fire,True,2021-06-27T16:51:52,2021-06-23T16:01:58,CAL FIRE San Diego Unit,,San Diego,"Hwy 76 and Cousier Canyon, Community of Pala",350.0,100.0,,,-117.095858,33.337282,Wildfire,9bacadf6-c7e2-43c9-b8e6-41be7a79579b,https://www.fire.ca.gov/incidents/2021/6/23/mesa-fire/,2021-06-27T16:51:24Z,2021-06-27,2021-06-23,False,True,False,POINT (-117.095858 33.337282)
4-3 Fire,True,2021-06-28T12:50:16,2021-06-24T18:38:46,CAL FIRE Lassen-Modoc Unit,,Modoc,"Hwy 395 and Pencil Road, north of Alturas",134.0,100.0,,,-120.497502,41.562302,Wildfire,e9761340-1808-42f6-b773-fb7047a2a638,https://www.fire.ca.gov/incidents/2021/6/24/4-3-fire/,2021-06-28T12:49:19Z,2021-06-28,2021-06-24,False,True,False,POINT (-120.497502 41.562302)
Paseo Fire,True,2021-06-25T23:13:16,2021-06-25T14:23:00,CAL FIRE Santa Clara,,Santa Clara,"Paseo Robles Ave and Paseo Vista Ave, East of Morgan Hill",37.0,100.0,,,-121.584194,37.118582,Wildfire,909624c0-d36c-4b9a-8f34-a9e02961b883,https://www.fire.ca.gov/incidents/2021/6/25/paseo-fire/,2021-06-25T23:13:01Z,2021-06-25,2021-06-25,False,True,False,POINT (-121.584194 37.118582)
Steins Fire,True,2021-06-27T16:52:41,2021-06-26T13:05:41,CAL FIRE/ Amador-El Dorado Unit,,El Dorado,Kingvale Rd and Wildcrest Rd,11.0,100.0,,,-120.876096,38.659971,Wildfire,b3136d0f-6ef3-46ea-9342-6d6b0d82d274,https://www.fire.ca.gov/incidents/2021/6/26/steins-fire/,2021-06-27T15:35:26Z,2021-06-27,2021-06-26,False,True,False,POINT (-120.876096 38.659971)
Lava Fire,False,2021-07-07T07:26:14,2021-06-24T20:35:24,Shasta-Trinity National Forest,,Siskiyou,Hotlum Rd and Lumm Rd,,,,Shasta-Trinity National Forest ,-122.329,41.459,Wildfire,9d7c19c4-f146-4b3e-a4c3-5ea9c3247208,https://www.fire.ca.gov/incidents/2021/6/24/lava-fire/,,,2021-06-24,True,False,False,POINT (-122.329 41.459)
Canyon Fire,True,2021-06-28T07:08:25,2021-06-26T20:47:10,Lean Agency: Kern County Fire,,Kern,Hwy 178 and Rancheria Rd,220.0,100.0,,,-118.793912,35.442533,Wildfire,eddffab0-51af-490d-b60e-640300fe6085,https://www.fire.ca.gov/incidents/2021/6/26/canyon-fire/,2021-06-28T07:08:15Z,2021-06-28,2021-06-26,False,True,False,POINT (-118.793912 35.442533)
Shell Fire,True,2021-07-07T15:45:31,2021-06-27T13:07:06,Lead Agency: Kern County Fire,,Kern,Interstate 5 and Grapevine Rd,1984.0,100.0,,,-118.891,34.919,Wildfire,62f7b39d-1213-47c2-8118-88eb98908af7,https://www.fire.ca.gov/incidents/2021/6/27/shell-fire/,2021-06-30T18:00:00Z,2021-06-30,2021-06-27,False,False,False,POINT (-118.891 34.919)
Sky Fire,True,2021-07-12T08:02:18,2021-06-27T17:49:34,Lassen National Forest,,Butte,Philbrook Rd.,76.0,100.0,,Lassen National Forest ,-121.406,40.039,Wildfire,9128e6fe-a114-479a-a43c-64ea56411eb5,https://www.fire.ca.gov/incidents/2021/6/27/sky-fire/,2021-07-09T08:02:17Z,2021-07-09,2021-06-27,False,False,False,POINT (-121.406 40.039)
Vulcan Fire,True,2021-06-29T15:35:31,2021-06-27T17:05:33,"CAL FIRE/ Fresno-Kings Unit, Fresno City",,Fresno,Friant Rd and Willow Rd,140.0,100.0,,,-119.735,36.932,Wildfire,4376d68e-4093-4d4c-aa6f-e0df6d50e9fb,https://www.fire.ca.gov/incidents/2021/6/27/vulcan-fire/,2021-06-29T15:35:19Z,2021-06-29,2021-06-27,False,True,False,POINT (-119.735 36.932)
Peak Fire,True,2021-07-12T09:14:34,2021-06-28T10:52:00,San Bernardino National Forest,,San Bernardino,"Old Waterman Canyon Road and Highway 18, North of Waterman Canyon",35.0,100.0,,San Bernardino National Forest ,-117.280416,34.20849,Wildfire,d6b89198-5fd8-498f-8429-3d2994f496f9,https://www.fire.ca.gov/incidents/2021/6/28/peak-fire/,2021-07-01T09:14:18Z,2021-07-01,2021-06-28,False,False,False,POINT (-117.280416 34.20849)
Stowe Fire,True,2021-06-29T07:35:01,2021-06-28T16:48:08,CAL FIRE/ Riverside County Fire Department,,Riverside,California Avenue and Lyn Avenue,122.0,100.0,,CAL FIRE/ Riverside County Fire Department,-117.050236,33.740058,Wildfire,2aaf4aba-1155-4f25-a5a6-fd6ee8d66f8c,https://www.fire.ca.gov/incidents/2021/6/28/stowe-fire/,2021-06-29T07:34:49Z,2021-06-29,2021-06-28,False,True,False,POINT (-117.050236 33.740058)
Lilly Fire,True,2021-06-29T17:51:10,2021-06-28T16:07:00,CAL FIRE Madera - Mariposa - Merced Unit,,Madera,"Road 400 and Lilley Mountain Drive,  Southwest of the Community of Coarsegold",35.0,100.0,,,-122.054254,41.665191,,0794cd0a-12e3-4576-8692-45603ad6b246,https://www.fire.ca.gov/incidents/2021/6/28/lilly-fire/,2021-06-29T17:51:06Z,2021-06-29,2021-06-28,False,True,False,POINT (-122.054254 41.665191)
Tennant Fire,True,2021-07-15T16:13:43,2021-06-28T16:07:00,Klamath National Forest,,Siskiyou,"Tennant Road and Pengrass Road, South of Mount Hebron",10580.0,100.0,,Klamath National Forest,-122.054254,41.665191,Wildfire,3a83c4bc-28cc-4792-849b-fedb5629e4bc,https://www.fire.ca.gov/incidents/2021/6/28/tennant-fire/,2021-07-15T16:13:33Z,2021-07-15,2021-06-28,False,False,False,POINT (-122.054254 41.665191)
Beswick Fire,True,2021-07-03T17:13:04,2021-06-28T18:14:00,CAL FIRE Siskiyou Unit,,Siskiyou,"Ager-Beswick Road and Desavado Road, North of Montague",118.0,100.0,,,-122.374848,41.917209,Wildfire,9692e02d-4a87-48b7-b261-f83f4a951642,https://www.fire.ca.gov/incidents/2021/6/28/beswick-fire/,2021-07-03T17:12:39Z,2021-07-03,2021-06-28,False,True,False,POINT (-122.374848 41.917209)
Blue Fire,True,2021-07-12T08:05:31,2021-06-30T16:22:00,Sierra National Forest,,Fresno,"Big Creek Road and Soaproot Saddle Road, South of Shaver",277.0,100.0,,Sierra National Forest,-119.25484409482164,37.02865766813302,Wildfire,ac0c072d-d926-49f2-8a3d-c18ea5d32010,https://www.fire.ca.gov/incidents/2021/6/30/blue-fire/,2021-07-08T08:05:21Z,2021-07-08,2021-06-30,False,False,False,POINT (-119.2548440948216 37.02865766813302)
Salt Fire,True,2021-07-20T08:46:22,2021-06-30T14:55:56,Shasta-Trinity National Forest,,Shasta,"Gilman Rd and Coal Creek Rd, north of Shasta Lake City",12660.0,100.0,,Shasta-Trinity National Forest,-122.348956,40.860525,Wildfire,b07cd929-6dde-4ad9-b845-a2fdc5ba3f97,https://www.fire.ca.gov/incidents/2021/6/30/salt-fire/,2021-07-19T08:46:09Z,2021-07-19,2021-06-30,False,False,False,POINT (-122.348956 40.860525)
R-1 Fire,False,2021-07-19T07:21:45,2021-06-30T20:49:00,Bureau of Land Management - California,,Lassen,"Spanish Springs Peak, southeast of Ravendale in Lassen County.",,,,Bureau of Land Management - California,-120.24080351821515,40.74682369607691,Wildfire,187580ca-f6fc-4cbb-bf50-a0e5daa43626,https://www.fire.ca.gov/incidents/2021/6/30/r-1-fire/,,,2021-06-30,False,False,False,POINT (-120.2408035182151 40.74682369607691)
Ysabel Fire,True,2021-07-06T19:41:26,2021-07-03T11:34:00,CAL FIRE/San Diego County Fire,,San Diego,"Highway 79 and Mesa Grande Rd, near Santa Ysabel",173.0,100.0,,"CAL FIRE San Diego, Cleveland National Forest ",-116.677511,33.119448,Fire,dd8d424d-e416-48a4-87e0-ddc26d4fdcb3,https://www.fire.ca.gov/incidents/2021/7/3/ysabel-fire/,,,2021-07-03,False,True,False,POINT (-116.677511 33.119448)
Main Fire,True,2021-07-04T17:40:09,2021-07-03T08:00:32,CAL FIRE Tulare Unit,,Tulare,"Drive 242 and Reid Ave, East of Porterville",384.0,100.0,,,-119.017899,36.10007,Wildfire,421fd9f2-1fbb-4bec-bf19-3318fa4830dc,https://www.fire.ca.gov/incidents/2021/7/3/main-fire/,2021-07-04T17:39:44Z,2021-07-04,2021-07-03,False,True,False,POINT (-119.017899 36.10007)
Beckwourth Complex,False,2021-08-25T16:45:36,2021-07-04T09:26:06,Plumas National Forest,,Plumas,northeast of Beckwourth,,,"Dotta and Sugar Incidents have been combined into the Beckwourth Complex
•    Dotta 670 acres, 15% contained
•    Sugar 471 acres, 24% contained",Plumas National Forest,-120.3415,39.83203,Wildfire,882f419d-ff9e-4533-b8da-a428ffcfec6e,https://www.fire.ca.gov/incidents/2021/7/4/beckwourth-complex/,,,2021-07-04,True,False,False,POINT (-120.3415 39.83203)
Tumbleweed Fire,True,2021-07-12T13:23:09,2021-07-04T14:49:36,Los Angeles County Fire Department,,Los Angeles,"Southbound I-5, south of Gorman",868.0,100.0,,Los Angeles County Fire Department,-118.87933,34.808751,Wildfire,a7d2c14e-66e8-4ac6-9538-ad9612dce2d5,https://www.fire.ca.gov/incidents/2021/7/4/tumbleweed-fire/,2021-07-12T13:22:50Z,2021-07-12,2021-07-04,False,False,False,POINT (-118.87933 34.808751)
Fish Fire,True,2021-07-05T17:15:57,2021-07-04T17:46:54,CAL FIRE Fresno-Kings Unit,,Fresno,"Trimmer Springs Rd and Fish Creek Fire Control Rd, Piedra",75.0,100.0,,,-119.393795,36.802809,Wildfire,be285500-c0c4-4f7e-83ae-1f9a991578b1,https://www.fire.ca.gov/incidents/2021/7/4/fish-fire/,2021-07-05T17:15:45Z,2021-07-05,2021-07-04,False,True,False,POINT (-119.393795 36.802809)
Juniper Fire,True,2021-07-15T16:10:13,2021-07-05T16:34:58,Modoc National Forest,,Modoc,"South Mountain Reservoir and South Mountain Spur, west of Goose Lake",1011.0,100.0,,,-120.638464,41.80728,Wildfire,5eaaed19-b38a-49f1-84f8-78d9f8c76656,https://www.fire.ca.gov/incidents/2021/7/5/juniper-fire/,2021-07-15T16:09:58Z,2021-07-15,2021-07-05,False,False,False,POINT (-120.638464 41.80728)
Broiler Fire,True,2021-07-09T08:21:01,2021-07-07T14:30:00,Redwood Valley FPD,,Mendocino,"Uva Drive and Finne Road, Southwest of Redwood Valley",80.0,100.0,,,-123.224377,39.253647,Wildfire,8c512c44-7ddb-44b4-bf03-bab00c0c0c98,https://www.fire.ca.gov/incidents/2021/7/7/broiler-fire/,2021-07-09T08:20:37Z,2021-07-09,2021-07-07,False,True,False,POINT (-123.224377 39.253647)
Basalt Fire,True,2021-07-09T19:29:10,2021-07-09T13:26:01,CAL FIRE Madera-Mariposa-Merced Unit,,Merced,"Basalt Road, near Basalt Campground",92.0,100.0,,,-121.05758,37.06047,Fire,82af1b59-858c-43c4-9f4f-842605e6c0c1,https://www.fire.ca.gov/incidents/2021/7/9/basalt-fire/,2021-07-09T19:27:16Z,2021-07-09,2021-07-09,False,True,False,POINT (-121.05758 37.06047)
Coyote Fire,True,2021-07-22T11:40:19,2021-07-09T16:41:27,Modoc National Forest,,Modoc,"Highway 139 and Dead Horse Canyon, southeast of Tulelake",110.0,100.0,,Modoc National Forest,-121.77593,41.28523,Wildfire,3a4d4c77-ff87-458d-b906-e203fc098aa5,https://www.fire.ca.gov/incidents/2021/7/9/coyote-fire/,2021-07-15T11:39:40Z,2021-07-15,2021-07-09,False,False,False,POINT (-121.77593 41.28523)
Road Fire,True,2021-07-22T13:12:43,2021-07-10T13:38:19,Cleveland National Forest,,San Diego,Japatul Valley Road and I-8 in San Diego County,86.0,100.0,,Cleveland National Forest,-116.6253,32.82731,Wildfire,f4c4de41-d8d4-4c66-9d9f-4f1ba285bf59,https://www.fire.ca.gov/incidents/2021/7/10/road-fire/,2021-07-17T13:12:30Z,2021-07-17,2021-07-10,False,False,False,POINT (-116.6253 32.82731)
Diablo Fire,True,2021-07-11T16:22:34,2021-07-11T09:22:05,CAL FIRE Contra Costa-Alameda-Santa Clara unit,,Contra Costa,"Vasco Road and Camino Diablo, south of Byron in Contra Costa County.",128.0,100.0,,,-121.667665,37.865193,Wildfire,215529d8-6c0a-4dfa-8d6f-342a5666e1f2,https://www.fire.ca.gov/incidents/2021/7/11/diablo-fire/,2021-07-11T16:22:18Z,2021-07-11,2021-07-11,False,True,False,POINT (-121.667665 37.865193)
Bear Fire,True,2021-08-18T14:05:04,2021-07-11T13:29:14,Kern County Fire,,Kern,Interstate 5 and Bear Trap Road in Kern County.,71.0,100.0,,Kern County Fire,-118.81448,34.85178,Wildfire,4fde57bd-089f-4c24-b224-b60306e1648d,https://www.fire.ca.gov/incidents/2021/7/11/bear-fire/,2021-07-12T14:04:51Z,2021-07-12,2021-07-11,False,False,False,POINT (-118.81448 34.85178)
River Fire,True,2021-07-19T18:40:14,2021-07-11T14:10:26,CAL FIRE Madera-Mariposa-Merced,,Mariposa,Oak Grove Road and Oak Grove School Road,9656.0,100.0,,"Animal Evacuations information: Madera County, Animal Evacuations information: Mariposa County, Red Cross:, Information Line, Media Line, Cooperating Agencies: CHP, Madera Sheriff, Mariposa Sheriff, Madera Co Roads, Mariposa Co Roads, PG&E, Madera County Fire, Mariposa County Fire, Merced County Fire, CAL OES, USFS, American Red Cross, Central California Animal Disaster Team",-119.869785,37.350823,Wildfire,2acb95c8-7a0b-4bfc-9174-6da944037bf2,https://www.fire.ca.gov/incidents/2021/7/11/river-fire/,2021-07-19T18:39:33Z,2021-07-19,2021-07-11,False,True,False,POINT (-119.869785 37.350823)
Bradley Fire,True,2021-07-15T15:59:44,2021-07-11T15:08:43,Shasta Trinity National Forest,,Siskiyou,"Highway 89 and Harris Spring Road, east of McCloud in Siskiyou County.",357.0,100.0,,Shasta Trinity National Forest ,-121.82403,41.25272,Wildfire,a191b2bc-5dee-4511-b34b-ca06ef62b5ab,https://www.fire.ca.gov/incidents/2021/7/11/bradley-fire/,2021-07-15T15:59:36Z,2021-07-15,2021-07-11,False,False,False,POINT (-121.82403 41.25272)
Dexter Fire,True,2021-07-30T09:44:02,2021-07-12T14:04:02,Inyo National Forest,,Mono,"Wickie Up Rd and Pilot Springs Rd, northeast of Mammoth Lakes",2965.0,100.0,,Inyo National Forest ,-118.8745,37.8024,Wildfire,4b66f232-6ab8-4e00-9f8b-957296920ed9,https://www.fire.ca.gov/incidents/2021/7/12/dexter-fire/,2021-07-30T09:43:42Z,2021-07-30,2021-07-12,False,False,False,POINT (-118.8745 37.8024)
Dixie Fire,False,2021-08-30T21:47:18,2021-07-14T17:15:00,"Unified Command: CAL FIRE Butte Unit/Butte County Fire Department, Lassen National Forest and National Park Service",,"Butte, Tehama, Plumas, Shasta, Lassen","Above the Cresta Dam, Feather River Canyon",777741.0,48.0,,"Butte County Sheriff Office , Butte County Sheriff's Office, Plumas County Sheriff's Office, Lassen County Sheriff's Office, Tehama County Sheriff's Office, Shasta County Sheriff's Office, CHP, PG&E, CAL OES, CAL-EMSA, California National Guard, California Conservation Corps, CAL TRANS, Sierra Pacific Industries, W.M. Beaty and Associates, Collins Pine, California Department of Corrections, Burlington Northern Santa Fe Railroad, Union Pacific Railroad",-121.389439,39.871306,Wildfire,00016d5d-1647-49e4-a02a-abf46b8480ae,https://www.fire.ca.gov/incidents/2021/7/14/dixie-fire/,,,2021-07-14,True,True,False,POINT (-121.389439 39.871306)
Cannon Fire,True,2021-07-16T18:56:00,2021-07-14T15:18:48,CAL FIRE Tehama-Glen Unit,,Tehama,"Vestal Road and Pope Drive, west of Red Bluff",43.0,100.0,,,-122.64768,40.1703,Wildfire,925dcb5b-1885-407d-b441-10765a31ce97,https://www.fire.ca.gov/incidents/2021/7/14/cannon-fire/,2021-07-16T18:55:38Z,2021-07-16,2021-07-14,False,True,False,POINT (-122.64768 40.1703)
Dolicini Fire,True,2021-07-15T07:13:11,2021-07-14T15:34:10,Marin County Fire Department,,Marin,"Point Reyes-Petaluma Rd and Nicasio Valley Rd, northeast of Nicasio Reservoir",35.0,100.0,,Marin County Fire Department ,-122.7418335,38.0975072,Wildfire,f62a9df9-8661-46de-88de-0b76128e0673,https://www.fire.ca.gov/incidents/2021/7/14/dolicini-fire/,2021-07-15T07:13:02Z,2021-07-15,2021-07-14,False,True,False,POINT (-122.7418335 38.0975072)
Henry Fire,True,2021-07-30T09:47:58,2021-06-25T19:53:41,Stanislaus National Forest,,Alpine,"East of Lake Alpine, Carson-Iceberg Wilderness",1320.0,100.0,,Henry Fire Information,-119.7512546,38.4504695,Wildfire,511f1793-96a5-4866-a993-1d271e03b076,https://www.fire.ca.gov/incidents/2021/6/25/henry-fire/,2021-07-30T09:47:10Z,2021-07-30,2021-06-25,False,False,False,POINT (-119.7512546 38.4504695)
Border 13 Fire,True,2021-07-16T10:03:37,2021-07-15T16:02:27,CAL FIRE/San Diego County Fire,,San Diego,"188 and Tecate Mission Rd, Potrero Canyon",30.0,100.0,,,-116.634023,32.578481,Wildfire,354a2576-907f-43a2-b152-46355e2bf94a,https://www.fire.ca.gov/incidents/2021/7/15/border-13-fire/,,,2021-07-15,False,True,False,POINT (-116.634023 32.578481)
Tamarack Fire,False,2021-08-25T16:45:57,2021-07-04T11:57:58,Humboldt-Toiyabe National Forest,,Alpine,"Pleasant Valley, Southwest of Markleeville",,,,Humboldt-Toiyabe National Forest,-119.8591887,38.6280042,Wildfire,3a281cd5-4d2b-47a7-89b7-1194e921805a,https://www.fire.ca.gov/incidents/2021/7/4/tamarack-fire/,,,2021-07-04,True,False,False,POINT (-119.8591887 38.6280042)
Fork Fire,True,2021-07-20T15:37:00,2021-07-17T17:40:13,CAL FIRE Tehama-Glen Unit,,Tehama,Lowery Rd and South Fork Dr,43.0,100.0,,,-122.55195,39.999396,Wildfire,396abb9e-a291-4183-b0f6-798a5438868c,https://www.fire.ca.gov/incidents/2021/7/17/fork-fire/,2021-07-20T15:36:44Z,2021-07-20,2021-07-17,False,True,False,POINT (-122.55195 39.999396)
Chicken Fire,True,2021-07-22T09:10:11,2021-07-18T13:34:00,Bureau of Land Management Northern California District,,Lassen,"Juniper Tree Road and Juniper Ridge Road, East of Termo",55.0,100.0,,,-120.45187,40.86955,Wildfire,35d04cb5-0455-4d36-b857-d7952670aef0,https://www.fire.ca.gov/incidents/2021/7/18/chicken-fire/,2021-07-22T09:06:48Z,2021-07-22,2021-07-18,False,False,False,POINT (-120.45187 40.86955)
Quail Fire,True,2021-07-21T15:55:48,2021-07-20T13:52:41,CAL FIRE/Riverside County Fire Department,,Riverside,"Gilman Springs Rd and Eden Hot Springs Rd, East of Moreno Valley",50.0,100.0,,CAL FIRE/Riverside County Fire Department ,-117.070814,33.889516,Wildfire,3989e25c-3790-44d5-bf6d-50ca3fd04d95,https://www.fire.ca.gov/incidents/2021/7/20/quail-fire/,,,2021-07-20,False,True,False,POINT (-117.070814 33.889516)
Peak Fire,True,2021-08-17T11:55:25,2021-07-20T11:40:00,Bureau Land Management,,Kern,"Walker Basin Road and Piute Mountain Road, South of Lake Isabella",2098.0,100.0,,Bureau of Land Management Nothern California District ,-118.46461,35.41153,Wildfire,fc8bd27a-c3c8-405d-b13a-d9a1396206e3,https://www.fire.ca.gov/incidents/2021/7/20/peak-fire/,2021-08-13T11:55:13Z,2021-08-13,2021-07-20,False,False,False,POINT (-118.46461 35.41153)
Frenchtown Fire,True,2021-07-22T07:22:14,2021-07-20T16:36:32,CAL FIRE Nevada-Yuba-Placer Unit,,Yuba,"Frenchtown Dobbins Road and Seward Lane, west of Dobbins in Yuba County.",45.0,100.0,,"CAL FIRE Nevada-Yuba-Placer Unit, ",-121.24684,39.383922,Wildfire,8f768137-0c58-45e5-a8dd-1df9ecc7870f,https://www.fire.ca.gov/incidents/2021/7/20/frenchtown-fire/,2021-07-22T07:22:01Z,2021-07-22,2021-07-20,False,True,False,POINT (-121.24684 39.383922)
Mountain Fire,True,2021-07-24T16:56:31,2021-07-23T00:00:00,,,Trinity,"Island Mountain Rd x Raff Creek Rd, southeast of Alderpoint",25.0,100.0,,,-123.505,39.976,Fire,c8991faa-8d15-4d4c-b3a1-92f58f784420,https://www.fire.ca.gov/incidents/2021/7/23/mountain-fire/,,,2021-07-23,False,True,False,POINT (-123.505 39.976)
Park Fire,True,2021-08-17T11:54:17,2021-07-26T00:00:00,Sequoia National Forest,,Tulare,"Balch Park Rd and Bear Creek Dr, northeast of Springville",100.0,100.0,,Sequoia National Forest,-118.722167,36.199833,Wildfire,caf0f448-cdb3-4dc2-a247-35f6f4b41cb3,https://www.fire.ca.gov/incidents/2021/7/26/park-fire/,2021-07-31T08:00:00Z,2021-07-31,2021-07-26,False,False,False,POINT (-118.722167 36.199833)
Pinnacles Fire,True,2021-07-31T19:22:04,2021-07-28T00:00:00,CAL FIRE San Benito-Monterey Unit ,,Monterey,"Hwy 146 Pinnacles West , East of Soledad",171.0,100.0,,,-121.224797,36.476664,Wildfire,200d07c4-0457-4421-875b-4140d482a03e,https://www.fire.ca.gov/incidents/2021/7/28/pinnacles-fire/,2021-07-31T19:21:56Z,2021-07-31,2021-07-28,False,True,False,POINT (-121.224797 36.476664)
Evans Fire,True,2021-08-17T11:56:06,2021-07-29T19:14:42,Plumas National Forest,,Plumas,"Evans Peak and Cooks Creek, northeast of Greenville in Plumas County.",85.0,100.0,,Plumas National Forest,-120.8468224,40.183504,Wildfire,ef12ac40-d6fb-4871-97ec-c06d0ce51efd,https://www.fire.ca.gov/incidents/2021/7/29/evans-fire/,2021-08-08T11:55:53Z,2021-08-08,2021-07-29,False,False,False,POINT (-120.8468224 40.183504)
McFarland Fire,False,2021-08-28T20:30:43,2021-07-30T18:44:00,Shasta-Trinity National Forest,,"Shasta, Trinity, Tehama","McFarland Ridge and Baker Flat, west of Platina",,,,Shasta-Trinity National Forest,-123.0374,40.31848,Fire,d0174b70-8652-4242-bf7f-b00e98a48319,https://www.fire.ca.gov/incidents/2021/7/30/mcfarland-fire/,,,2021-07-30,True,False,False,POINT (-123.0374 40.31848)
Robie Fire,True,2021-08-17T21:04:40,2021-07-30T00:00:00,CAL FIRE Tuolumne-Calaveras,,Calaveras,"Milton Road and Main Street, South of Valley Springs in Calaveras County.",153.0,100.0,,CAL FIRE Tuolumne-Calaveras ,-120.867498,38.054116,Wildfire,47070a62-2ef3-44a9-8b98-a20e0e574f97,https://www.fire.ca.gov/incidents/2021/7/30/robie-fire/,2021-08-01T17:39:59Z,2021-08-01,2021-07-30,False,False,False,POINT (-120.867498 38.054116)
Hungry Fire,True,2021-08-06T15:46:55,2021-07-31T00:00:00,Ventura County Fire,,Los Angeles,"Quail Canyon Road and Goldhill Road, South of Frazer Park in Los Angeles County.",340.0,100.0,,Ventura County Fire ,-118.8217926,34.7479248,Wildfire,161f6906-6799-45ae-b6ca-c1d470050d81,https://www.fire.ca.gov/incidents/2021/7/31/hungry-fire/,2021-08-01T09:36:42Z,2021-08-01,2021-07-31,False,False,False,POINT (-118.8217926 34.7479248)
Tobin Fire,True,2021-07-31T22:39:47,2021-07-31T17:10:53,CAL FIRE San Luis Obispo,,San Luis Obispo,"Highway 46 East and Union Road, East of Paso Robles in San Luis Obispo County.",75.0,100.0,,CAL FIRE San Luis Obispo,-120.560856,35.65927,Wildfire,f9322f4b-03e1-4558-a920-f7318909de93,https://www.fire.ca.gov/incidents/2021/7/31/tobin-fire/,,,2021-07-31,False,True,False,POINT (-120.560856 35.65927)
Antelope Fire,False,2021-08-04T11:02:37,2021-08-01T11:28:25,Klamath National Forest,,Siskiyou,"Antelope Creek and Forest Road 41N28, south of Tennant",,,,Klamath National Forest,-121.9154934,41.5289901,Wildfire,dc3380c7-ff32-4062-a4e8-be99b655f2c6,https://www.fire.ca.gov/incidents/2021/8/1/antelope-fire/,,,2021-08-01,True,False,False,POINT (-121.9154934 41.5289901)
Hiding Fire,True,2021-08-05T09:33:01,2021-08-01T00:00:00,CAL FIRE Shasta-Trinity Unit,,Shasta,"Dale Ln and Panther Rd, south of Cloverdale",50.0,100.0,,,-122.482826,40.466364,Wildfire,61f3264e-f89f-42cc-820d-0e0a5ee29cdd,https://www.fire.ca.gov/incidents/2021/8/1/hiding-fire/,2021-08-01T20:47:13Z,2021-08-01,2021-08-01,False,True,False,POINT (-122.482826 40.466364)
Monument Fire,False,2021-08-30T19:31:28,2021-07-30T12:28:00,Unified Command: CAL FIRE and Shasta Trinity National Forest,,Trinity,"Del Loma, CA near Monument Peak",166967.0,29.0,,"Shasta Trinity National Forest, Cooperating Agencies: California Highway Patrol, CalTrans, Trinity County Sheriff’s, Trinity County OES, Trinity County Public Utilities District, California Department of Corrections and Rehabilitation, California Conservation Corps, California National Guard, California Governor’s Office of Emergency Services, Hayfork Fire, Weaverville Fire, Junction City Fire, State of Washington, State of Arizona, State of Oklahoma, State of Alaska, State of Wisconsin, State of New Hampshire, State of Kentucky, State of Montana",-123.337,40.752,Wildfire,1d1bb813-5955-438a-a2cd-0e2d46074f1a,https://www.fire.ca.gov/incidents/2021/7/30/monument-fire/,,,2021-07-30,True,True,False,POINT (-123.337 40.752)
River Complex,False,2021-08-26T08:24:49,2021-07-30T18:17:40,Klamath National Forest,,"Siskiyou, Trinity","Scott Salmon Ranger District, west of Callahan",,,,Klamath National Forest,-123.057,41.389,Wildfire,9284625d-a9bd-447b-b215-a40fe4a52697,https://www.fire.ca.gov/incidents/2021/7/30/river-complex/,,,2021-07-30,True,False,False,POINT (-123.057 41.389)
Antonio Fire,True,2021-08-17T11:50:56,2021-08-03T13:02:00,Angeles National Forest,,Los Angeles,"Glendora Ridge Rd and Sunset Peak, west of Mt. Baldy",50.0,100.0,,Angeles National Forest,-117.65989,34.23604,Wildfire,bd71d34c-3ce0-419d-a2fe-2ef46a750e06,https://www.fire.ca.gov/incidents/2021/8/3/antonio-fire/,2021-08-16T08:00:00Z,2021-08-16,2021-08-03,False,False,False,POINT (-117.65989 34.23604)
House Fire,True,2021-08-10T20:50:09,2021-08-04T00:00:00,CAL FIRE Shasta Trinity Unit,,Shasta,"Highway 299 and Tollhouse Road, West of Redding",60.0,100.0,,,-122.506112,40.604986,Wildfire,1704f47a-b2bc-43fc-8c49-e62ffaf6021e,https://www.fire.ca.gov/incidents/2021/8/4/house-fire/,2021-08-10T20:50:02Z,2021-08-10,2021-08-04,False,True,False,POINT (-122.506112 40.604986)
River Fire,True,2021-08-13T19:54:37,2021-08-04T00:00:00,CAL FIRE Nevada-Yuba-Placer Unit,,"Nevada, Placer","Milk Ranch Road and Bear River Campground Road, north of Applegate",2619.0,100.0,,"CAL FIRE Nevada-Yuba-Placer Unit, Nevada County OES, Placer County Sheriff, Placer County Evacuation Map, Nevada County Evacuation Map",-121.01468,39.08805,Wildfire,178aba5f-4c67-4830-891d-b8fec84706da,https://www.fire.ca.gov/incidents/2021/8/4/river-fire/,2021-08-13T19:54:07Z,2021-08-13,2021-08-04,False,True,False,POINT (-121.01468 39.08805)
Hambone Fire,True,2021-08-18T14:50:08,2021-08-06T11:11:37,Shasta-Trinity National Forest,,Siskiyou,Lave Spur and Hambone Island,55.0,100.0,,,-121.53946,41.68499,Wildfire,2ea37798-e198-4f1c-92c6-81c42beff3de,https://www.fire.ca.gov/incidents/2021/8/6/hambone-fire/,,,2021-08-06,False,False,False,POINT (-121.53946 41.68499)
Nelson Fire,True,2021-08-13T08:44:56,2021-08-07T00:00:00,CAL FIRE/ Shasta-Trinity Unit,,Shasta,Nelson Creek Rd and Summit Lake Rd,20.0,100.0,,"Shasta County Fire Department, United States Forest Service, Burney Fire  Protection District, Shasta County Sheriff’s Office",-121.89008,41.034362,Wildfire,0249ff45-1a71-4a4f-88a7-6c1fc7a9aa20,https://www.fire.ca.gov/incidents/2021/8/7/nelson-fire/,2021-08-13T08:44:38Z,2021-08-13,2021-08-07,False,True,False,POINT (-121.89008 41.034362)
Glen Fire,True,2021-08-21T07:56:16,2021-08-11T00:00:00,CAL FIRE Nevada-Yuba-Placer Unit,,Yuba,"Willow Glen Rd and Meadow Ln , northwest of Dobbins",184.0,100.0,,,-121.30845,39.403918,Wildfire,a26becf4-249f-451e-b8a3-e55032e6df61,https://www.fire.ca.gov/incidents/2021/8/11/glen-fire/,2021-08-21T20:07:35Z,2021-08-21,2021-08-11,False,True,False,POINT (-121.30845 39.403918)
Middle Fire,True,2021-08-13T20:53:36,2021-08-13T00:00:00,CAL FIRE Sonoma Lake Napa Unit,,Sonoma,"Middle Two Rock Road and Succetti Road, west of Petaluma in Sonoma County.",22.0,100.0,,CAL FIRE Sonoma Lake Napa Unit,-122.727542,38.250596,Wildfire,262f815e-e1b4-42d8-8889-6bb4638703e4,https://www.fire.ca.gov/incidents/2021/8/13/middle-fire/,,,2021-08-13,False,True,False,POINT (-122.727542 38.250596)
Coyote Fire,True,2021-08-15T21:47:04,2021-08-13T00:00:00,CAL FIRE Sonoma-Lake-Napa Unit,,Lake,"State Highway 29 and Spruce Grove Road, Hidden Valley Lake in Lake County",127.0,100.0,,,-122.581257,38.826123,Wildfire,e8842a17-4f53-4803-9350-838ec34e66e9,https://www.fire.ca.gov/incidents/2021/8/13/coyote-fire/,2021-08-15T21:46:50Z,2021-08-15,2021-08-13,False,True,False,POINT (-122.581257 38.826123)
Bell Fire,True,2021-08-19T19:48:26,2021-08-14T00:00:00,CAL FIRE Mendocino Unit,,Mendocino,"Bell Springs Road and Foster Creek Road, east of Leggett",50.0,100.0,,,-123.637032,39.834099,Wildfire,3657f103-fe9f-4bfc-a09e-9aa291301266,https://www.fire.ca.gov/incidents/2021/8/14/bell-fire/,2021-08-19T19:48:14Z,2021-08-19,2021-08-14,False,True,False,POINT (-123.637032 39.834099)
Caldor Fire,False,2021-08-30T20:47:32,2021-08-14T18:54:00,Unified Command: CAL FIRE Amador-El Dorado Unit and El Dorado National Forest,,El Dorado,"East of Omo Ranch, South of the community of Grizzly Flats",186568.0,15.0,,"El Dorado National Forest, El Dorado County Sheriff's Office, Pioneer Fire District , Cooperating Agencies: El Dorado County Sheriff’s Office, Sierra Pacific Industries, Pioneer FD, PG&E, CHP, El Dorado Irrigation District, El Dorado County, Grizzly Flats Community Service District, SMUD, Amador County Sheriff’s Office, AT&T, Georgetown FD, CALTRANS, Indian Diggins School District, El Dorado County FD, Grizzly Flats Water District, Volcano Telephone, Placerville FD, El Dorado County DOT, Mosquito FD, Garden Valley FD, Cal OES Fire, El Dorado County EMSA, El Dorado County Office of Education, Marshall Medical Center, Shingle Springs Band of Miwok Indians FD, State Water Resources Control Board, KAMPS, El Dorado County Department of Agriculture, Barton Health, CAL EPA, Lake Valley Fire District, and Verizon",-120.537833,38.586,Wildfire,a21c4d1f-87ed-4db1-85ea-eae41c90a0ac,https://www.fire.ca.gov/incidents/2021/8/14/caldor-fire/,,,2021-08-14,True,False,False,POINT (-120.537833 38.586)
Walkers Fire,False,2021-08-17T10:49:42,2021-08-16T16:05:54,Sequoia National Forest,,Tulare,"North of Alpine Creek, northeast of Springville",,,,Sequoia National Forest ,-118.555,36.268,Wildfire,2eae3252-74cd-4e96-b25a-20ed828395e2,https://www.fire.ca.gov/incidents/2021/8/16/walkers-fire/,,,2021-08-16,True,False,False,POINT (-118.555 36.268)
Cache Fire,False,2021-08-27T17:22:41,2021-08-18T12:34:00,Lake County Fire Protection District,,Lake,"Dam Rd and Wilkinson Ave, Clearlake",,,,"Lake County Fire Protection District, Lake County Sheriff’s Office ",-122.601395,38.928133,Wildfire,8e3e3fe1-669f-4cf8-80ee-c8df14929a22,https://www.fire.ca.gov/incidents/2021/8/18/cache-fire/,,,2021-08-18,True,False,False,POINT (-122.601395 38.928133)
McCash Fire,False,2021-08-18T14:26:21,2021-08-18T08:50:00,Six Rivers National Forest,,Siskiyou,Ten Bear Mtn McCash Creek,,,,Six Rivers National Forest ,-123.404,41.564,Fire,87b59fb2-01f9-4469-8578-87c55b090eac,https://www.fire.ca.gov/incidents/2021/8/18/mccash-fire/,,,2021-08-18,True,False,False,POINT (-123.404 41.564)
French Fire,False,2021-08-30T19:21:12,2021-08-18T16:25:00,Kern County Fire,,Kern,"Sawmill Rd and NF-25S02, 5 west of Lake Isabella",25411.0,33.0,,"Kern County Fire , Sequoia National Forest, Central California District Bureau of Land Management, ",-118.501515,35.674926,Wildfire,11804a96-faa3-4671-b420-6591e4e95f49,https://www.fire.ca.gov/incidents/2021/8/18/french-fire/,,,2021-08-18,True,True,False,POINT (-118.501515 35.674926)
Rock Fire,True,2021-08-27T19:35:23,2021-08-24T13:38:00,CAL FIRE/Riverside County Fire Department,,Riverside,"Gulley View Rd and Rock Canyon Rd, Anza",295.0,100.0,,CAL FIRE/Riverside County Fire Department,-116.659688,33.474823,Wildfire,46498648-eff1-492f-b88f-1826ecd224a6,https://www.fire.ca.gov/incidents/2021/8/24/rock-fire/,2021-08-27T19:35:10Z,2021-08-27,2021-08-24,False,True,False,POINT (-116.659688 33.474823)
Mule Fire,True,2021-08-25T20:05:04,2021-08-25T00:00:00,CAL FIRE Shasta-Trinity Unit,,Shasta,"Placer Rd & Muletown Rd, southwest of Redding",10.0,100.0,,,-122.514391,40.616416,Wildfire,f19d2b70-1d83-4abc-a173-7b00584e1c49,https://www.fire.ca.gov/incidents/2021/8/25/mule-fire/,2021-08-25T20:04:50Z,2021-08-25,2021-08-25,False,True,False,POINT (-122.514391 40.616416)
Airola Fire,False,2021-08-30T19:17:07,2021-08-25T14:55:00,CAL FIRE Tuolumne-Calaveras Unit,,Calaveras,"Parrotts Ferry Rd and Airola Rd, west of Columbia",639.0,80.0,,"Cooperating Agencies: California Highway Patrol, Calaveras County Sheriff’s, Calaveras County OES, California Department of Corrections and Rehabilitation, California Conservation Corps",-120.454797,38.038795,Wildfire,7b6a10b8-58fb-4906-ad11-dc88fe5b7872,https://www.fire.ca.gov/incidents/2021/8/25/airola-fire/,,,2021-08-25,True,True,False,POINT (-120.454797 38.038795)
South Fire,False,2021-08-28T20:29:52,2021-08-25T16:11:00,San Bernardino National Forest,,San Bernardino,"North of Glen Helen, east of Sierra Ave. and Lytle Creek Rd. west of the 15 Fwy.",,,,"San Bernardino National Forest , San Bernardino NF link to Inciweb: ",-117.440263,34.186147,Wildfire,4cfd11fa-b33f-4de6-8d17-bbaa27b2c9cb,https://www.fire.ca.gov/incidents/2021/8/25/south-fire/,,,2021-08-25,True,False,False,POINT (-117.440263 34.186147)
Westward Fire,True,2021-08-28T09:51:08,2021-08-25T14:17:00,CAL FIRE Riverside Unit,,Riverside,"South San Gorgonio Ave and 4th street, Banning",160.0,100.0,,Riverside County Westward Fire Fact Sheet,-116.877776,33.918089,Wildfire,8cfa988a-cf5d-418c-8d4d-e0be072e397c,https://www.fire.ca.gov/incidents/2021/8/25/westward-fire/,2021-08-28T09:24:00Z,2021-08-28,2021-08-25,False,True,False,POINT (-116.877776 33.918089)
Bennett Fire,True,2021-08-28T20:00:54,2021-08-25T15:33:00,"Unified Command: CAL FIRE Nevada-Yuba-Placer Unit, Nevada County Consolidated Fire District and Grass Valley Fire Department",,Nevada,"East Bennett Rd and Lava Rock Ave, Grass Valley",59.0,100.0,,,-121.040771,39.216752,Wildfire,69c42b3f-a4ec-47d2-a856-e4f8bc71c6cc,https://www.fire.ca.gov/incidents/2021/8/25/bennett-fire/,,,2021-08-25,False,True,False,POINT (-121.040771 39.216752)
Washington Fire,False,2021-08-30T19:09:41,2021-08-26T13:20:00,Unified Command: CAL FIRE Tuolumne-Calaveras Unit & City of Sonora,,Tuolumne,"Golf Links Road and Highway 108, West of Sonora",100.0,75.0,,"California Highway Patrol, Calaveras County Sheriff’s, Calaveras County OES, California Department of Corrections and Rehabilitation, California Conservation Corps, City of Sonora",-120.402221,37.962933,Wildfire,726eeb97-b91c-4555-a180-be16e599466f,https://www.fire.ca.gov/incidents/2021/8/26/washington-fire/,,,2021-08-26,True,True,False,POINT (-120.402221 37.962933)
Roadside Fire,False,2021-08-28T15:13:44,2021-08-28T11:25:00,San Bernardino National Forest & San Bernardino County Fire,,San Bernardino,Cajon Pass near Keenbrook Road and Cajon Blvd.,,,,"San Bernardino National Forest, San Bernardino County Fire",-117.4546,34.25145,Wildfire,9f0d7a3b-ae47-42a5-b360-ea2f4141cad4,https://www.fire.ca.gov/incidents/2021/8/28/roadside-fire/,,,2021-08-28,True,False,False,POINT (-117.4546 34.25145)
Chaparral Fire,False,2021-08-30T19:24:25,2021-08-28T00:00:00,"Unified Command: CAL FIRE Riverside County Fire, Cleveland National Forest",,"Riverside, San Diego",Cleveland Forest Road and Tenaja Road southwest of Murrieta in San Diego County.,1427.0,50.0,,,-117.39309,33.484721,Wildfire,64a7c61a-5634-410a-a1c4-aeb97b2283e0,https://www.fire.ca.gov/incidents/2021/8/28/chaparral-fire/,,,2021-08-28,True,True,False,POINT (-117.39309 33.484721)
Railroad Fire,False,2021-08-29T14:56:18,2021-08-29T12:50:00,San Bernardino National Forest,,San Bernardino,Cajon Pass near NB I-15 and Baldy Mesa,,,,San Bernardino National Forest,-117.466,34.34,Fire,cd7d799d-cc81-4ffb-9d55-4e2b18b92d34,https://www.fire.ca.gov/incidents/2021/8/29/railroad-fire/,,,2021-08-29,True,False,False,POINT (-117.466 34.34)
Knob Fire,False,2021-08-30T10:06:41,2021-08-30T00:00:00,Six Rivers National Forest,,Humboldt,"Friday Spur Rd & China Creek, south of Willow Creek",,,,Six Rivers National Forest ,-123.6744,40.8652,Wildfire,d7b908db-7184-4f9e-923f-f811688cf4eb,https://www.fire.ca.gov/incidents/2021/8/30/knob-fire/,,,2021-08-30,True,False,False,POINT (-123.6744 40.8652)
K-Rail,True,2021-08-30T13:50:24,2021-08-30T13:30:00,Six Rivers National Forest & Hoopa BIA,,Humboldt,"Tish Tang Ridge, southeast of Hoopa",,,,,-123.52733,41.03877,Wildfire,af05ba27-9105-4776-83a8-8ea786117476,https://www.fire.ca.gov/incidents/2021/8/30/k-rail/,,,2021-08-30,True,False,False,POINT (-123.52733 41.03877)
